Date,VTI,VXUS,BND,SGOV
2007-06-01,54.0609,35.5195,40.3738,76.2838
2007-06-04,54.1491,35.591,40.4172,76.3005
2007-06-05,53.8739,35.4479,40.352,76.3005
2007-06-06,53.3237,34.9826,40.3901,76.3338
2007-06-07,52.2725,34.3921,40.1076,76.3172
2007-06-08,52.9886,34.6784,40.1022,76.3338
2007-06-11,53.0521,34.75,40.0588,76.3671
2007-06-12,52.3995,34.3027,39.8633,76.3005
2007-06-13,53.2178,34.7142,39.9556,76.3671
2007-06-14,53.5988,35.0184,39.9013,76.4004
2007-06-15,53.8845,35.4837,40.1022,76.467
2007-06-18,53.7999,35.5552,40.0588,76.4836
2007-06-19,53.948,35.591,40.2489,76.4836
2007-06-20,53.239,35.2868,40.0533,76.5003
2007-06-21,53.5036,35.5016,40.0751,76.5003
2007-06-22,53.0521,35.1616,40.1348,76.567
2007-06-25,52.6771,35.0363,40.2434,76.5336
2007-06-26,52.2486,34.9647,40.2271,76.5503
2007-06-27,53.0206,35.09,40.2597,76.5336
2007-06-28,53.0135,35.1616,40.2054,76.567
2007-06-29,52.8931,35.3942,40.3412,76.6002
2007-07-02,53.5057,35.8952,40.4409,76.622
2007-07-03,53.7358,36.0921,40.3592,76.622
2007-07-05,53.7075,36.0742,40.1957,76.622
2007-07-06,54.0049,36.271,40.114,76.6554
2007-07-09,53.9766,36.4499,40.1576,76.6722
2007-07-10,53.2366,36.11,40.3646,76.6889
2007-07-11,53.626,36.3426,40.2665,76.6889
2007-07-12,54.4369,36.9331,40.2121,76.7056
2007-07-13,54.5998,36.9868,40.2774,76.7224
2007-07-16,54.5608,36.8436,40.3864,76.7391
2007-07-17,54.529,36.7362,40.3374,76.7725
2007-07-18,54.405,36.5752,40.4027,76.7558
2007-07-19,54.5361,36.8436,40.3864,76.7725
2007-07-20,54.0474,36.5573,40.5008,76.8059
2007-07-23,54.1536,36.8257,40.4899,76.8059
2007-07-24,53.2047,36.1815,40.5063,76.8059
2007-07-25,53.2153,36.1636,40.5444,76.8226
2007-07-26,51.9548,35.0184,40.7024,76.8394
2007-07-27,50.9775,34.41,40.6697,76.8728
2007-07-30,51.7317,35.0363,40.6316,76.8059
2007-07-31,51.0235,35.0184,40.7133,76.9063
2007-08-01,51.3245,34.8574,40.6936,76.8811
2007-08-02,51.76,34.9647,40.7647,76.8979
2007-08-03,50.4145,34.1595,40.9015,76.8643
2007-08-06,51.2643,34.8037,40.7866,76.9483
2007-08-07,51.6502,34.7858,40.8085,76.9651
2007-08-08,52.4292,35.4658,40.6772,76.9315
2007-08-09,51.0058,34.3027,40.7702,76.9986
2007-08-10,50.889,33.9269,40.6936,77.0491
2007-08-13,50.9881,34.0164,40.7319,77.0659
2007-08-14,50.0994,33.4617,40.8304,77.0491
2007-08-15,49.4302,32.7459,40.8359,77.0659
2007-08-16,49.7488,32.2449,40.8304,77.1666
2007-08-17,50.6553,32.7101,40.9562,77.217
2007-08-20,50.7615,32.9069,40.8686,77.2842
2007-08-21,50.7686,32.9248,41.0109,77.2674
2007-08-22,51.4768,33.6943,41.0109,77.2674
2007-08-23,51.3953,33.8732,41.0109,77.217
2007-08-24,51.9972,34.4279,41.0492,77.2002
2007-08-27,51.4555,34.2311,41.1968,77.0995
2007-08-28,50.4003,33.408,41.3117,77.1834
2007-08-29,51.4024,34.3206,41.2188,77.2338
2007-08-30,51.2678,34.0701,41.2898,77.2506
2007-08-31,51.7742,34.7679,41.3172,77.2338
2007-09-04,52.3761,35.1079,41.292,77.2456
2007-09-05,51.9158,34.5174,41.4512,77.2624
2007-09-06,52.0716,34.7679,41.3743,77.2624
2007-09-07,51.3174,34.2669,41.6324,77.313
2007-09-10,51.0979,34.1416,41.7533,77.3299
2007-09-11,51.7671,34.75,41.6544,77.2456
2007-09-12,51.9442,34.7679,41.5885,77.3636
2007-09-13,52.1389,35.0005,41.4842,77.3467
2007-09-14,52.1849,34.8395,41.4896,77.3973
2007-09-17,51.9087,34.3742,41.5226,77.431
2007-09-18,53.357,35.4121,41.6379,77.3804
2007-09-19,53.7429,35.7879,41.5721,77.4142
2007-09-20,53.4171,35.7521,41.2755,77.3636
2007-09-21,53.5446,36.0742,41.4512,77.3973
2007-09-24,53.3924,36.1278,41.4237,77.4648
2007-09-25,53.2679,36.1994,41.4512,77.4816
2007-09-26,53.6591,36.3783,41.4622,77.3973
2007-09-27,53.9542,36.9152,41.5501,77.4142
2007-09-28,53.7658,36.9868,41.5665,77.3804
2007-10-01,54.4592,37.5236,41.5406,77.4651
2007-10-02,54.3703,37.5236,41.6894,77.4143
2007-10-03,54.285,37.2909,41.6674,77.4312
2007-10-04,54.3881,37.3983,41.7115,77.5158
2007-10-05,54.9784,37.8635,41.5351,77.4312
2007-10-08,54.9072,37.5772,41.6564,77.5497
2007-10-09,55.2913,38.0067,41.5186,77.4989
2007-10-10,55.1846,37.9888,41.5627,77.5665
2007-10-11,54.8717,38.0425,41.6012,77.5497
2007-10-12,55.1455,38.293,41.5351,77.5665
2007-10-15,54.7152,37.9709,41.502,77.5327
2007-10-16,54.3276,37.4878,41.5902,77.5835
2007-10-17,54.3667,37.8099,41.7997,77.6173
2007-10-18,54.381,37.9172,41.8548,77.6173
2007-10-19,52.9835,37.0941,42.0533,77.6849
2007-10-22,53.2431,36.9868,42.0257,77.6511
2007-10-23,53.6236,37.6488,42.0147,77.6511
2007-10-24,53.588,37.5057,42.1801,77.6849
2007-10-25,53.5524,37.7025,42.147,77.668
2007-10-26,54.196,38.5077,42.0863,77.6342
2007-10-29,54.413,38.8656,42.0918,77.7019
2007-10-30,54.0253,38.5435,42.1029,77.668
2007-10-31,54.7294,39.1698,41.9486,77.6849
2007-11-01,53.3426,38.0425,42.1892,77.7376
2007-11-02,53.332,38.3467,42.239,77.7885
2007-11-05,52.9123,37.7025,42.1173,77.7885
2007-11-06,53.6449,38.3646,42.0509,77.7885
2007-11-07,52.1656,37.5415,42.1117,77.8394
2007-11-08,52.098,37.7383,42.1616,77.7885
2007-11-09,51.4118,37.0404,42.2169,77.8564
2007-11-12,50.7432,36.3068,42.3109,77.8904
2007-11-13,52.2261,37.3804,42.1837,77.8734
2007-11-14,52.0447,37.2373,42.1837,77.8394
2007-11-15,51.2944,36.6647,42.3331,77.8904
2007-11-16,51.4971,36.772,42.3165,77.8904
2007-11-19,50.6543,35.8236,42.4382,77.9243
2007-11-20,50.8499,36.4499,42.3442,77.9413
2007-11-21,49.9609,35.6089,42.6042,77.9752
2007-11-23,50.7077,36.3962,42.5212,77.9922
2007-11-26,49.7156,35.8058,42.8532,77.9413
2007-11-27,50.3236,36.3426,42.6263,78.0091
2007-11-28,51.8634,37.2552,42.582,78.0261
2007-11-29,51.8883,37.1478,42.7702,77.9752
2007-11-30,52.2545,37.3804,42.7702,77.9922
2007-12-03,51.938,37.2015,42.9796,77.9734
2007-12-04,51.6038,37.0225,42.9574,77.9905
2007-12-05,52.3754,37.5772,42.8629,77.9905
2007-12-06,53.1328,37.9709,42.6408,78.0075
2007-12-07,53.1968,37.9172,42.5019,78.0756
2007-12-10,53.652,38.132,42.4241,78.0245
2007-12-11,52.1905,37.1836,42.7074,78.1267
2007-12-12,52.5212,37.8099,42.6241,78.1097
2007-12-13,52.5283,37.0941,42.4074,78.1437
2007-12-14,51.81,36.1994,42.313,78.0927
2007-12-17,51.017,35.2868,42.4908,78.1267
2007-12-18,51.3833,35.6626,42.5907,78.1267
2007-12-19,51.33,35.4658,42.7685,78.1608
2007-12-20,51.6878,35.5552,42.7741,78.1948
2007-12-21,52.4851,36.1994,42.4908,78.1948
2007-12-24,52.9748,36.4499,42.5136,78.1948
2007-12-26,53.0177,36.6289,42.3854,78.1608
2007-12-27,52.3528,36.4673,42.5526,78.1948
2007-12-28,52.1526,36.706,42.7644,78.1931
2007-12-31,51.8916,36.5224,43.1323,78.176
2008-01-02,51.2767,36.3204,43.1212,78.2443
2008-01-03,51.2159,36.3388,43.1769,78.1931
2008-01-04,49.8467,35.4941,43.2271,78.176
2008-01-07,49.8717,35.4941,43.2383,78.2443
2008-01-08,48.978,35.3105,43.2828,78.1931
2008-01-09,49.4963,35.8062,43.2327,78.1418
2008-01-10,49.8216,35.7328,43.216,78.176
2008-01-11,49.3533,35.1085,43.3497,78.2102
2008-01-14,49.8288,35.5492,43.4055,78.2784
2008-01-15,48.6204,34.3924,43.5616,78.2614
2008-01-16,48.3273,33.6395,43.4779,78.2614
2008-01-17,46.9974,33.0886,43.6563,78.2272
2008-01-18,46.6792,33.2355,43.634,78.2784
2008-01-22,46.1608,31.9318,43.9071,78.3126
2008-01-23,47.3692,31.8033,43.8347,78.3979
2008-01-24,47.6731,32.8316,43.5504,78.4321
2008-01-25,46.9795,32.6847,43.8402,78.3467
2008-01-28,47.9626,32.9601,43.6842,78.3808
2008-01-29,48.1593,33.2172,43.6229,78.4492
2008-01-30,47.7231,32.9785,43.6396,78.4833
2008-01-31,48.6919,33.4008,43.673,78.4833
2008-02-01,49.4785,33.8966,43.8185,78.4748
2008-02-04,48.8921,33.8231,43.6619,78.4919
2008-02-05,47.505,32.446,43.7793,78.4405
2008-02-06,47.1439,32.2623,43.6898,78.509
2008-02-07,47.5766,32.0787,43.4212,78.4919
2008-02-08,47.2977,31.8951,43.5499,78.4919
2008-02-11,47.573,31.9318,43.645,78.509
2008-02-12,48.0127,32.6296,43.5723,78.4919
2008-02-13,48.5597,32.8499,43.3373,78.509
2008-02-14,47.9305,32.8683,43.1359,78.5261
2008-02-15,47.9412,32.8316,43.203,78.5261
2008-02-19,48.0949,33.2906,42.8057,78.5261
2008-02-20,48.3202,33.1437,42.8393,78.4919
2008-02-21,47.7803,33.1254,43.1974,78.5603
2008-02-22,48.002,33.4559,43.0911,78.5603
2008-02-25,48.8063,33.9149,42.8785,78.5261
2008-02-26,49.1209,34.4658,43.0407,78.5774
2008-02-27,49.0423,34.6311,43.119,78.5946
2008-02-28,48.549,34.3556,43.4381,78.5946
2008-02-29,47.4764,33.511,43.7122,78.6117
2008-03-03,47.3084,33.4375,43.606,78.6408
2008-03-04,47.1583,32.9785,43.3982,78.6408
2008-03-05,47.4228,33.4192,43.1174,78.6237
2008-03-06,46.4397,32.9234,43.0837,78.658
2008-03-07,45.9392,32.5929,43.2017,78.658
2008-03-10,45.2385,32.1154,43.3309,78.658
2008-03-11,46.8401,33.2723,43.0837,78.658
2008-03-12,46.3932,33.1804,43.4825,78.6751
2008-03-13,46.6935,33.2172,43.2915,78.658
2008-03-14,45.8355,32.5378,43.4769,78.7608
2008-03-17,45.3064,31.6931,43.6229,78.7437
2008-03-18,47.1904,32.7765,43.6622,78.8295
2008-03-19,45.9284,31.6013,43.6959,78.8466
2008-03-20,46.8901,31.9685,43.8139,78.8295
2008-03-24,47.9055,32.4827,43.5723,78.7608
2008-03-25,47.9748,33.1254,43.6566,78.7094
2008-03-26,47.4109,33.1988,43.6959,78.7608
2008-03-27,47.2349,33.1804,43.7015,78.778
2008-03-28,46.8146,33.1437,43.7352,78.7094
2008-03-31,47.0517,33.2723,43.8869,78.7952
2008-04-01,48.6572,34.1904,43.4307,78.7436
2008-04-02,48.6895,34.2822,43.3743,78.7436
2008-04-03,48.747,34.3924,43.3574,78.7436
2008-04-04,48.765,34.5392,43.7577,78.778
2008-04-07,48.7901,34.7229,43.5886,78.7436
2008-04-08,48.7003,34.5392,43.6112,78.7952
2008-04-09,48.2621,34.3005,43.7803,78.7952
2008-04-10,48.5063,34.2455,43.6506,78.7952
2008-04-11,47.515,33.8599,43.9044,78.7952
2008-04-14,47.3534,33.7864,43.7577,78.8295
2008-04-15,47.5797,34.0802,43.6112,78.8295
2008-04-16,48.7578,35.0167,43.38,78.778
2008-04-17,48.8188,34.7045,43.3405,78.778
2008-04-18,49.4905,35.0901,43.3743,78.7265
2008-04-21,49.3863,35.2187,43.4476,78.7608
2008-04-22,48.9733,35.0167,43.5435,78.778
2008-04-23,49.1241,35.1636,43.504,78.778
2008-04-24,49.3971,34.9616,43.318,78.7952
2008-04-25,49.7778,35.3288,43.2616,78.7952
2008-04-28,49.7563,35.3839,43.4138,78.7436
2008-04-29,49.5479,35.035,43.3856,78.8295
2008-04-30,49.3504,35.2187,43.7352,78.7436
2008-05-01,50.2196,35.4757,43.742,78.8021
2008-05-02,50.3633,35.7144,43.6345,78.7505
2008-05-05,50.1047,35.7695,43.7194,78.7677
2008-05-06,50.5321,35.9532,43.5608,78.7333
2008-05-07,49.8209,35.2921,43.6232,78.7848
2008-05-08,49.7203,35.5859,43.8382,78.7505
2008-05-09,49.6916,35.3472,43.8099,78.7848
2008-05-12,50.2052,35.6961,43.7646,78.7848
2008-05-13,50.2627,35.6043,43.5382,78.7505
2008-05-14,50.4207,35.641,43.5665,78.7505
2008-05-15,50.9559,36.2469,43.7986,78.7505
2008-05-16,51.0457,36.5958,43.7137,78.7677
2008-05-19,51.1247,36.5591,43.8325,78.7677
2008-05-20,50.7045,36.2102,43.8156,78.7333
2008-05-21,49.8532,35.8062,43.8043,78.7333
2008-05-22,50.0221,36.1,43.6288,78.7848
2008-05-23,49.3001,35.6594,43.8156,78.7848
2008-05-27,49.7311,35.5492,43.5722,78.7848
2008-05-28,50.0292,35.641,43.3458,78.8193
2008-05-29,50.2483,35.5125,43.2722,78.7848
2008-05-30,50.3453,35.7512,43.3005,78.8193
2008-06-02,49.943,35.4757,43.5118,78.883
2008-06-03,49.6737,35.237,43.6823,78.883
2008-06-04,49.7634,35.0167,43.472,78.8657
2008-06-05,50.7332,35.5675,43.2732,78.8141
2008-06-06,49.2031,34.6311,43.4948,78.8314
2008-06-09,49.2426,34.576,43.1369,78.8657
2008-06-10,48.9948,33.9333,42.8926,78.9174
2008-06-11,48.2549,33.4559,43.1426,78.969
2008-06-12,48.3986,33.3824,42.671,78.9174
2008-06-13,49.1169,33.6762,42.7108,78.969
2008-06-16,49.1995,33.8048,42.7506,78.969
2008-06-17,48.8475,33.97,42.8926,78.9518
2008-06-18,48.4884,33.6579,43.0346,78.9862
2008-06-19,48.6321,33.5844,42.9267,78.969
2008-06-20,47.8419,32.8132,43.0119,79.0035
2008-06-23,47.6982,32.8132,42.8642,79.0035
2008-06-24,47.4622,32.6296,43.046,79.0035
2008-06-25,47.8014,33.0703,43.0631,79.0207
2008-06-26,46.4156,32.3358,43.0631,79.0207
2008-06-27,46.3507,32.4276,43.1766,79.0551
2008-06-30,46.2569,32.5378,43.3187,79.0035
2008-07-01,46.4734,32.2256,43.2879,79.031
2008-07-02,45.5207,31.5462,43.1396,79.031
2008-07-03,45.4774,31.6197,43.1738,79.031
2008-07-07,45.0371,31.5279,43.1966,79.0138
2008-07-08,45.8671,31.5462,43.4419,78.9794
2008-07-09,44.9361,31.2524,43.4475,78.9966
2008-07-10,45.2175,31.4911,43.5673,79.0654
2008-07-11,44.8206,31.0872,43.2936,79.1172
2008-07-14,44.3803,31.0321,43.5274,79.1172
2008-07-15,43.8101,30.4996,43.5673,79.1344
2008-07-16,44.8206,31.0504,43.208,79.1516
2008-07-17,45.2897,31.4544,43.0084,79.031
2008-07-18,45.5423,31.5095,42.94,79.1344
2008-07-21,45.665,31.7849,43.0312,79.0654
2008-07-22,46.2713,31.8767,42.9,79.1
2008-07-23,46.495,32.042,42.9172,79.1344
2008-07-24,45.4052,31.4728,43.2251,79.1172
2008-07-25,45.5423,31.4361,42.9514,79.1344
2008-07-28,44.9288,31.0321,43.2365,79.1344
2008-07-29,45.8816,31.2891,43.1681,79.1344
2008-07-30,46.495,31.7298,43.1795,79.1516
2008-07-31,45.9682,31.3442,43.3278,79.1516
2008-08-01,45.7661,30.977,43.4045,79.1275
2008-08-04,45.3836,30.5547,43.3244,79.1447
2008-08-05,46.5456,31.1973,43.1469,79.162
2008-08-06,46.6033,31.2891,43.0896,79.1275
2008-08-07,45.9393,30.6832,43.3644,79.1793
2008-08-08,46.9137,30.7934,43.3473,79.162
2008-08-11,47.3828,30.775,43.164,79.1793
2008-08-12,46.8631,30.4261,43.3587,79.1275
2008-08-13,46.7549,30.0772,43.2442,79.1965
2008-08-14,47.0003,30.0038,43.353,79.1793
2008-08-15,47.2746,29.8018,43.4904,79.1965
2008-08-18,46.5816,29.5998,43.605,79.1447
2008-08-19,46.0909,29.1775,43.5248,79.2138
2008-08-20,46.2569,29.4529,43.6221,79.2138
2008-08-21,46.3796,29.5447,43.6107,79.2311
2008-08-22,47.0291,29.6733,43.519,79.2483
2008-08-25,46.0404,29.251,43.6393,79.2311
2008-08-26,46.1919,29.2877,43.6966,79.2483
2008-08-27,46.5023,29.5631,43.708,79.2483
2008-08-28,47.2601,29.8936,43.7481,79.2483
2008-08-29,46.6394,29.7467,43.6908,79.2138
2008-09-02,46.4445,29.2877,43.8334,79.2708
2008-09-03,46.3579,29.0857,43.8908,79.2708
2008-09-04,44.9361,27.9105,43.9139,79.2708
2008-09-05,45.2031,27.7636,43.9483,79.2881
2008-09-08,45.9898,28.3696,44.2587,79.2881
2008-09-09,44.3948,27.3596,44.3392,79.2708
2008-09-10,44.6907,27.5983,44.3392,79.3054
2008-09-11,45.3186,27.4515,44.3105,79.2881
2008-09-12,45.7661,27.9289,44.1668,79.3227
2008-09-15,43.6658,26.6619,44.5001,79.409
2008-09-16,44.2287,26.6068,44.0691,79.4436
2008-09-17,42.2512,25.3398,44.1265,79.7892
2008-09-18,43.6658,26.3865,43.5,79.5646
2008-09-19,45.7733,28.1125,44.0346,79.2881
2008-09-22,44.1927,27.7085,43.9196,79.3227
2008-09-23,43.4421,27.1393,44.0576,79.5819
2008-09-24,43.4029,27.2678,44.0518,79.3399
2008-09-25,44.179,27.8371,44.1955,79.4264
2008-09-26,44.1427,27.5249,43.7529,79.5646
2008-09-29,41.2342,24.9726,43.9656,79.9103
2008-09-30,42.3294,25.8539,43.4655,79.6165
2008-10-01,42.2786,25.8172,43.2342,79.6044
2008-10-02,40.3783,24.587,44.0764,79.5698
2008-10-03,39.7618,24.5502,43.8341,79.5698
2008-10-06,38.3764,22.9344,43.4822,79.5525
2008-10-07,36.0337,22.0346,43.6092,79.5351
2008-10-08,35.3446,21.4287,42.9631,79.4659
2008-10-09,33.1251,20.18,41.6249,79.5871
2008-10-10,32.1678,19.8128,40.3558,79.6563
2008-10-13,36.2948,22.2182,42.0344,79.3447
2008-10-14,35.9829,22.0346,42.5709,79.4832
2008-10-15,32.6174,19.7944,42.3113,79.5005
2008-10-16,34.1188,20.8227,42.3055,79.4659
2008-10-17,33.7997,20.1433,42.5362,79.2928
2008-10-20,35.5332,21.4103,42.5189,79.4832
2008-10-21,34.4597,20.3086,43.2458,79.4832
2008-10-22,32.5377,18.7845,43.4419,79.3793
2008-10-23,32.9438,19.0783,43.24,79.4832
2008-10-24,31.3626,17.7929,42.7439,79.3967
2008-10-27,30.3472,16.9299,42.5132,79.5178
2008-10-28,33.3935,18.9498,42.1844,79.5005
2008-10-29,33.0599,19.0783,42.4901,79.414
2008-10-30,34.1769,20.0882,42.2074,79.5178
2008-10-31,34.9312,20.1433,42.1844,79.4313
2008-11-03,34.8152,20.2535,42.5145,79.4088
2008-11-04,36.0699,21.5388,42.9432,79.4434
2008-11-05,34.2857,20.5656,43.2675,79.4781
2008-11-06,32.6029,19.2252,43.3023,79.5993
2008-11-07,33.4443,20.1433,43.2096,79.5993
2008-11-10,33.0744,19.9964,43.2096,79.582
2008-11-11,32.32,19.1885,43.3196,79.582
2008-11-12,30.6663,18.2336,43.1806,79.5993
2008-11-13,32.69,19.5557,43.1806,79.5993
2008-11-14,31.2973,18.5458,43.3312,79.5993
2008-11-17,30.4778,18.2153,43.2212,79.634
2008-11-18,30.7606,18.2153,43.2501,79.5474
2008-11-19,28.8966,17.0585,43.4007,79.53
2008-11-20,26.9672,16.122,43.366,79.582
2008-11-21,28.4976,17.2421,43.1516,79.5647
2008-11-24,30.1949,18.3805,42.9663,79.582
2008-11-25,30.6156,18.5274,43.7077,79.5993
2008-11-26,31.7471,18.7661,43.9799,79.634
2008-11-28,32.1315,18.8763,43.8409,79.3915
2008-12-01,29.2592,17.3706,44.1003,79.6099
2008-12-02,30.4125,18.1602,44.3677,79.6792
2008-12-03,31.1958,18.2704,44.1584,79.5579
2008-12-04,30.2674,17.7562,44.3503,79.5232
2008-12-05,31.3409,18.0684,44.0247,79.5232
2008-12-08,32.5377,18.9681,43.8328,79.5405
2008-12-09,31.9429,18.8212,44.0654,79.5058
2008-12-10,32.3056,19.3537,43.9897,79.5579
2008-12-11,31.3989,19.3354,44.4608,79.4712
2008-12-12,31.7108,19.4272,44.2282,79.5058
2008-12-15,31.1886,19.4456,44.6934,79.4885
2008-12-16,32.8278,20.4738,45.0656,79.5405
2008-12-17,32.5884,20.4371,45.0772,79.4885
2008-12-18,32.0227,19.978,45.397,79.4365
2008-12-19,31.9937,19.7577,45.1062,79.4885
2008-12-22,31.5442,19.5374,45.4958,79.5926
2008-12-23,31.208,19.3537,45.6645,79.5058
2008-12-24,31.3322,19.4088,45.626,79.5926
2008-12-26,31.6611,19.6108,45.661,79.5926
2008-12-29,31.4199,19.8128,45.947,79.3116
2008-12-30,32.2458,20.2198,46.0345,79.5891
2008-12-31,32.699,20.4281,46.0929,79.4157
2009-01-02,33.6418,20.8446,45.9236,79.433
2009-01-05,33.6345,20.6364,45.731,79.433
2009-01-06,33.9122,20.8825,45.4392,79.4503
2009-01-07,32.9621,20.5038,45.5793,79.5717
2009-01-08,33.1082,20.6174,45.5034,79.485
2009-01-09,32.297,20.0873,45.6668,79.537
2009-01-12,31.588,19.5761,45.4859,79.5023
2009-01-13,31.6319,19.2353,45.731,79.6064
2009-01-14,30.6014,18.5916,45.9003,79.6237
2009-01-15,30.711,18.6106,45.7018,79.6411
2009-01-16,30.9376,18.7052,45.7719,79.5891
2009-01-20,29.3297,17.5125,45.5734,79.4503
2009-01-21,30.5283,18.1751,45.2582,79.5891
2009-01-22,30.0021,17.7965,45.3575,79.6064
2009-01-23,30.1848,17.6261,45.2699,79.5891
2009-01-26,30.3529,18.0237,45.1181,79.5717
2009-01-27,30.711,18.3077,45.3925,79.537
2009-01-28,31.7708,18.8756,45.4159,79.5023
2009-01-29,30.7256,18.213,45.1123,79.5023
2009-01-30,30.0678,17.9858,45.1357,79.5717
2009-02-02,30.0167,17.7965,45.2874,79.6203
2009-02-03,30.4406,18.2509,44.8187,79.5509
2009-02-04,30.2798,18.2319,44.9007,79.6029
2009-02-05,30.7622,18.4591,45.0003,79.5682
2009-02-06,31.6465,18.9135,44.9944,79.4468
2009-02-09,31.6538,18.9514,45.0062,79.5509
2009-02-10,30.2067,18.1373,45.2523,79.5335
2009-02-11,30.3894,18.2887,45.4163,79.5162
2009-02-12,30.4698,18.1941,45.2991,79.5162
2009-02-13,30.1629,18.0994,45.0882,79.5856
2009-02-17,28.8619,17.0771,45.3811,79.5856
2009-02-18,28.7669,17.0581,45.2054,79.6029
2009-02-19,28.4599,17.0771,45.0121,79.6029
2009-02-20,28.1237,16.7931,45.0941,79.6029
2009-02-23,27.1663,16.3198,45.1702,79.5856
2009-02-24,28.153,16.7552,45.1351,79.5335
2009-02-25,27.9337,16.4144,44.9066,79.4989
2009-02-26,27.4221,16.3766,44.8246,79.5162
2009-02-27,26.9032,16.263,44.8714,79.5682
2009-03-02,25.6534,15.3921,44.9449,79.6151
2009-03-03,25.4341,15.3353,44.7921,79.5977
2009-03-04,25.9896,15.96,44.7862,79.5977
2009-03-05,24.9371,15.3731,44.992,79.6151
2009-03-06,24.9298,15.411,44.8038,79.5977
2009-03-09,24.6302,15.0891,44.6392,79.5977
2009-03-10,26.2016,15.9979,44.6862,79.5977
2009-03-11,26.2966,16.1115,44.7803,79.5977
2009-03-12,27.3782,16.4333,44.8803,79.563
2009-03-13,27.6706,16.5659,44.845,79.5457
2009-03-16,27.5171,16.7173,44.8156,79.5283
2009-03-17,28.3868,17.1528,44.7156,79.5804
2009-03-18,28.9935,17.4557,45.5094,79.5977
2009-03-19,28.7011,17.6261,45.48,79.5457
2009-03-20,28.0945,17.3989,45.2742,79.5804
2009-03-23,30.0459,18.5727,45.1684,79.5977
2009-03-24,29.4466,18.0805,45.1448,79.5804
2009-03-25,29.7542,18.4023,44.992,79.6151
2009-03-26,30.4975,18.6863,45.1448,79.5977
2009-03-27,29.9235,18.1373,45.2566,79.6151
2009-03-30,28.8711,17.361,45.3448,79.5977
2009-03-31,29.1287,17.7776,45.3624,79.563
2009-04-01,29.7101,18.2319,45.4556,79.5769
2009-04-02,30.6006,19.1407,45.3671,79.5248
2009-04-03,30.9832,19.1786,45.1252,79.5769
2009-04-06,30.6815,18.9703,45.1724,79.5595
2009-04-07,29.9014,18.5916,45.2609,79.5595
2009-04-08,30.3209,18.7052,45.4733,79.5943
2009-04-09,31.5499,19.2732,45.4202,79.5422
2009-04-13,31.5941,19.4625,45.4911,79.5943
2009-04-14,31.0053,19.3489,45.6091,79.5595
2009-04-15,31.3365,19.5004,45.674,79.5595
2009-04-16,31.8737,19.7087,45.5855,79.6116
2009-04-17,32.0872,19.6708,45.3435,79.5248
2009-04-20,30.7257,18.8567,45.5677,79.5595
2009-04-21,31.3365,19.1786,45.4792,79.5422
2009-04-22,31.204,19.065,45.5619,79.5943
2009-04-23,31.4248,19.5193,45.5973,79.6289
2009-04-24,31.9768,19.879,45.5737,79.6289
2009-04-27,31.6456,19.5193,45.674,79.6116
2009-04-28,31.5867,19.3489,45.5088,79.6289
2009-04-29,32.3374,19.898,45.4438,79.6116
2009-04-30,32.33,20.0494,45.5737,79.6116
2009-05-01,32.514,20.2577,45.4955,79.6376
2009-05-04,33.6253,21.1286,45.531,79.5335
2009-05-05,33.5075,21.0339,45.5251,79.5508
2009-05-06,34.0301,21.4504,45.7205,79.5335
2009-05-07,33.5002,21.2043,45.5606,79.5335
2009-05-08,34.2582,21.9806,45.6731,79.5508
2009-05-11,33.6694,21.564,45.8626,79.5335
2009-05-12,33.5811,21.6587,45.8449,79.6029
2009-05-13,32.6244,21.0529,45.981,79.5508
2009-05-14,32.9556,21.1854,45.9633,79.5682
2009-05-15,32.6097,21.1097,45.9515,79.5682
2009-05-18,33.6106,21.8859,45.8153,79.6203
2009-05-19,33.6179,22.0374,45.916,79.6029
2009-05-20,33.4266,22.2645,46.0521,79.5335
2009-05-21,32.8231,22.0563,45.8153,79.5856
2009-05-22,32.8452,22.1699,45.8034,79.6029
2009-05-26,33.7283,22.5296,45.7087,79.6203
2009-05-27,33.1617,22.2835,45.4363,79.6203
2009-05-28,33.5738,22.4917,45.5547,79.6029
2009-05-29,34.0963,22.9272,45.8804,79.6203
2009-06-01,34.9426,23.5709,45.5702,79.5578
2009-06-02,35.0824,23.6087,45.7425,79.5578
2009-06-03,34.6556,23.0029,45.897,79.5925
2009-06-04,35.0015,23.0976,45.6118,79.5925
2009-06-05,34.9353,22.9272,45.3028,79.5751
2009-06-08,34.8396,22.7757,45.2078,79.5925
2009-06-09,35.0236,22.9461,45.3325,79.5751
2009-06-10,34.9353,23.1544,45.2196,79.5925
2009-06-11,35.1413,23.4383,45.4395,79.5405
2009-06-12,35.1708,23.4005,45.5583,79.6098
2009-06-15,34.3539,22.5674,45.6474,79.6098
2009-06-16,33.8755,22.3403,45.8614,79.6272
2009-06-17,33.8314,22.3213,45.8376,79.6272
2009-06-18,34.0153,22.3024,45.4989,79.6098
2009-06-19,34.1404,22.5485,45.6059,79.6272
2009-06-22,33.1543,21.8291,45.7128,79.6272
2009-06-23,33.1543,22.0374,45.9208,79.6272
2009-06-24,33.4154,22.2456,45.8198,79.6272
2009-06-25,34.192,22.5485,46.1347,79.6272
2009-06-26,34.1254,22.6432,46.1585,79.6272
2009-06-29,34.4508,22.8325,46.2417,79.6272
2009-06-30,34.2215,22.6243,46.1644,79.6098
2009-07-01,34.4212,22.9272,46.137,79.6116
2009-07-02,33.5189,22.3024,46.1549,79.629
2009-07-06,33.3932,22.2645,46.1191,79.6116
2009-07-07,32.7053,21.8102,46.2145,79.6116
2009-07-08,32.661,21.6966,46.5305,79.629
2009-07-09,32.7275,21.9427,46.3934,79.6116
2009-07-10,32.6462,21.7155,46.5603,79.6116
2009-07-13,33.4006,21.9995,46.4828,79.629
2009-07-14,33.6372,22.132,46.3457,79.629
2009-07-15,34.6431,22.9461,46.1131,79.5942
2009-07-16,34.9833,23.0786,46.3159,79.629
2009-07-17,34.9981,23.0976,46.1966,79.629
2009-07-20,35.3901,23.6277,46.3457,79.5942
2009-07-21,35.5454,23.7413,46.6259,79.5942
2009-07-22,35.5676,23.7791,46.5246,79.6116
2009-07-23,36.4108,24.2146,46.3695,79.5942
2009-07-24,36.5291,24.2714,46.3874,79.5769
2009-07-27,36.6844,24.385,46.3278,79.5769
2009-07-28,36.5957,24.2903,46.3755,79.5942
2009-07-29,36.4182,24.1388,46.3576,79.5942
2009-07-30,36.8101,24.5364,46.5663,79.6116
2009-07-31,36.8693,24.8772,46.769,79.5596
2009-08-03,37.4906,25.5209,46.6195,79.5804
2009-08-04,37.6311,25.4073,46.5776,79.5977
2009-08-05,37.5424,25.2748,46.4699,79.5804
2009-08-06,37.2835,25.1801,46.4998,79.5804
2009-08-07,37.8086,25.218,46.1768,79.5804
2009-08-10,37.7199,25.0665,46.5537,79.5804
2009-08-11,37.2317,24.8204,46.6434,79.5804
2009-08-12,37.6385,25.0855,46.6135,79.6151
2009-08-13,37.9713,25.4452,46.7331,79.5804
2009-08-14,37.6237,25.2559,46.8767,79.6151
2009-08-17,36.6474,24.4039,47.0083,79.5804
2009-08-18,37.032,24.8204,46.9425,79.6151
2009-08-19,37.3501,24.934,46.9963,79.5804
2009-08-20,37.7051,25.2369,47.0621,79.5977
2009-08-21,38.4077,25.6913,46.9126,79.5804
2009-08-24,38.4595,25.767,47.0023,79.5804
2009-08-25,38.5334,25.8806,47.0801,79.5804
2009-08-26,38.5039,25.767,47.11,79.5977
2009-08-27,38.637,25.8806,47.0562,79.5977
2009-08-28,38.6074,25.9185,47.1519,79.6151
2009-08-31,38.2376,25.7292,47.2416,79.6151
2009-09-01,37.3944,25.1801,47.2962,79.5665
2009-09-02,37.2391,25.218,47.3982,79.6359
2009-09-03,37.5793,25.4073,47.3142,79.6359
2009-09-04,38.0601,25.786,47.2662,79.6359
2009-09-08,38.4447,26.335,47.2422,79.6359
2009-09-09,38.8293,26.5622,47.3202,79.5838
2009-09-10,39.2287,26.8272,47.5003,79.6012
2009-09-11,39.2583,26.8272,47.5243,79.5838
2009-09-14,39.4653,26.8083,47.3442,79.5838
2009-09-15,39.6576,26.8841,47.3803,79.5838
2009-09-16,40.2789,27.4142,47.3922,79.5838
2009-09-17,40.2049,27.3195,47.5303,79.6012
2009-09-18,40.2641,27.3195,47.4763,79.5838
2009-09-21,40.1532,27.0923,47.4403,79.6359
2009-09-22,40.3898,27.4331,47.3803,79.5838
2009-09-23,39.9757,27.2248,47.5183,79.6186
2009-09-24,39.5507,26.8841,47.5423,79.5838
2009-09-25,39.298,26.7704,47.6924,79.6186
2009-09-28,40.0336,27.0734,47.7164,79.6359
2009-09-29,39.9667,26.9787,47.7164,79.6359
2009-09-30,39.8181,27.0734,47.7164,79.6359
2009-10-01,38.7631,26.3539,47.9319,79.5873
2009-10-02,38.5327,26.1268,47.7874,79.5873
2009-10-05,39.1271,26.4865,47.8597,79.622
2009-10-06,39.7067,26.9787,47.9138,79.5873
2009-10-07,39.7959,27.0355,47.938,79.622
2009-10-08,40.1451,27.4331,47.9199,79.5873
2009-10-09,40.42,27.452,47.5707,79.6047
2009-10-12,40.5686,27.5845,47.7332,79.6047
2009-10-13,40.4571,27.5088,47.7694,79.6047
2009-10-14,41.1779,28.2093,47.5647,79.5873
2009-10-15,41.319,28.2472,47.5767,79.5873
2009-10-16,41.0144,27.8875,47.5948,79.622
2009-10-19,41.3488,28.3418,47.661,79.6047
2009-10-20,41.0961,28.1715,47.7573,79.5873
2009-10-21,40.6949,28.1336,47.7513,79.5873
2009-10-22,41.1333,28.2472,47.7092,79.5873
2009-10-23,40.6057,27.8875,47.5647,79.5873
2009-10-26,40.1451,27.5467,47.5044,79.5873
2009-10-27,39.9296,27.3006,47.673,79.5873
2009-10-28,39.0603,26.5622,47.6248,79.5873
2009-10-29,39.8479,27.2438,47.6489,79.6047
2009-10-30,38.7705,26.5054,47.8476,79.6394
2009-11-02,38.986,26.6758,47.8072,79.6411
2009-11-03,39.1643,26.5622,47.7226,79.6411
2009-11-04,39.2312,26.9409,47.7105,79.6238
2009-11-05,39.9816,27.2248,47.7528,79.6238
2009-11-06,40.0856,27.2627,47.7649,79.6411
2009-11-09,40.9847,28.02,47.8615,79.6411
2009-11-10,40.9995,27.9253,47.8796,79.589
2009-11-11,41.2076,28.02,48.0004,79.589
2009-11-12,40.7469,27.6981,48.0548,79.589
2009-11-13,40.9847,27.9632,48.0246,79.589
2009-11-16,41.6014,28.4365,48.1454,79.589
2009-11-17,41.646,28.2661,48.1333,79.589
2009-11-18,41.6162,28.2093,48.1454,79.589
2009-11-19,41.0218,27.736,48.1816,79.589
2009-11-20,40.8955,27.5845,48.1575,79.589
2009-11-23,41.3785,28.0768,48.1937,79.589
2009-11-24,41.4082,27.8875,48.3145,79.589
2009-11-25,41.5717,28.2661,48.4112,79.589
2009-11-27,40.8732,27.3952,48.4957,79.6064
2009-11-30,40.9772,27.5088,48.4716,79.6064
2009-12-01,41.4825,28.2661,48.4019,79.6064
2009-12-02,41.6014,28.3229,48.3352,79.589
2009-12-03,41.2299,28.304,48.2867,79.589
2009-12-04,41.5345,28.2283,48.0869,79.6238
2009-12-07,41.4825,28.0768,48.2141,79.589
2009-12-08,41.0516,27.6414,48.2929,79.589
2009-12-09,41.1853,27.6035,48.2444,79.6238
2009-12-10,41.3933,27.6981,48.1777,79.589
2009-12-11,41.6014,27.7549,48.1232,79.589
2009-12-14,41.9135,27.9253,48.0808,79.5717
2009-12-15,41.7351,27.6981,48.0384,79.5717
2009-12-16,41.8391,27.9064,48.0626,79.589
2009-12-17,41.3711,27.3006,48.1959,79.589
2009-12-18,41.6237,27.3195,48.1838,79.589
2009-12-21,42.0323,27.3574,47.9596,79.589
2009-12-22,42.2477,27.5467,47.8566,79.589
2009-12-23,42.3897,27.736,47.8506,79.589
2009-12-24,42.6066,27.9253,47.6567,79.6064
2009-12-28,42.659,28.0389,47.7083,79.589
2009-12-29,42.5842,28.0957,47.7387,79.596
2009-12-30,42.5692,28.026,47.8056,79.6133
2009-12-31,42.1505,27.929,47.7691,79.6307
2010-01-04,42.8533,28.6462,47.8238,79.596
2010-01-05,43.0179,28.7237,47.9637,79.5786
2010-01-06,43.0777,28.84,47.9454,79.5786
2010-01-07,43.2571,28.7043,47.9089,79.5786
2010-01-08,43.3992,28.9563,47.9576,79.5786
2010-01-11,43.459,29.092,47.9758,79.5786
2010-01-12,43.0104,28.8206,48.1582,79.5786
2010-01-13,43.4142,28.9563,48.0487,79.6133
2010-01-14,43.4889,29.092,48.1642,79.596
2010-01-15,42.9954,28.7625,48.1946,79.596
2010-01-19,43.5637,29.0144,48.1703,79.596
2010-01-20,43.1599,28.2973,48.2858,79.596
2010-01-21,42.3673,27.7546,48.3405,79.596
2010-01-22,41.4326,27.2894,48.3223,79.596
2010-01-25,41.6121,27.5027,48.2554,79.6133
2010-01-26,41.4252,27.1925,48.3709,79.6133
2010-01-27,41.6271,27.0375,48.304,79.6307
2010-01-28,41.1335,26.7468,48.3223,79.6133
2010-01-29,40.6475,26.5142,48.383,79.6307
2010-02-01,41.2681,26.96,48.3513,79.6133
2010-02-02,41.799,27.2701,48.3818,79.596
2010-02-03,41.5897,27.0956,48.3513,79.6307
2010-02-04,40.2961,26.0878,48.4428,79.6307
2010-02-05,40.3634,25.7389,48.5221,79.6307
2010-02-08,40.0493,25.5257,48.5281,79.6307
2010-02-09,40.5802,26.0878,48.4306,79.6307
2010-02-10,40.5204,26.049,48.3209,79.6307
2010-02-11,40.9541,26.2816,48.2416,79.6307
2010-02-12,40.9541,26.1266,48.3087,79.6307
2010-02-16,41.642,26.6305,48.3696,79.6307
2010-02-17,41.8738,26.7274,48.2599,79.5786
2010-02-18,42.1131,26.8631,48.1928,79.6133
2010-02-19,42.2626,26.6692,48.1928,79.5786
2010-02-22,42.1953,26.7855,48.1745,79.6133
2010-02-23,41.6869,26.3785,48.3574,79.5786
2010-02-24,42.0607,26.5336,48.4184,79.6133
2010-02-25,42.0458,26.3397,48.4855,79.6133
2010-02-26,42.0458,26.5723,48.5404,79.6133
2010-03-01,42.5468,26.8437,48.5917,79.5786
2010-03-02,42.6814,27.0569,48.6284,79.596
2010-03-03,42.7337,27.3282,48.6345,79.5786
2010-03-04,42.8459,27.2507,48.6712,79.5786
2010-03-05,43.5263,27.7158,48.5978,79.5786
2010-03-08,43.5338,27.7934,48.5184,79.5786
2010-03-09,43.6235,27.7546,48.5489,79.5786
2010-03-10,43.8553,27.9097,48.5122,79.596
2010-03-11,44.0198,27.9872,48.5061,79.5786
2010-03-12,44.0198,28.1035,48.5244,79.5786
2010-03-15,44.0049,27.8709,48.5917,79.5786
2010-03-16,44.3638,28.2391,48.6773,79.5786
2010-03-17,44.6479,28.433,48.6896,79.5786
2010-03-18,44.5956,28.2585,48.6039,79.5786
2010-03-19,44.304,28.026,48.6407,79.5786
2010-03-22,44.618,28.0647,48.6896,79.596
2010-03-23,44.9321,28.2198,48.6896,79.596
2010-03-24,44.6704,27.8321,48.445,79.5786
2010-03-25,44.5923,27.7546,48.292,79.6133
2010-03-26,44.5848,28.0453,48.396,79.6133
2010-03-29,44.8476,28.3361,48.292,79.5786
2010-03-30,44.8701,28.3361,48.3899,79.5786
2010-03-31,44.7349,28.3554,48.4327,79.6133
2010-04-01,45.0577,28.8594,48.4174,79.6133
2010-04-05,45.4931,28.8981,48.1352,79.5786
2010-04-06,45.6208,28.9175,48.172,79.5786
2010-04-07,45.3806,28.7625,48.3561,79.5786
2010-04-08,45.4857,28.7237,48.3315,79.5786
2010-04-09,45.7934,29.0532,48.4235,79.5786
2010-04-12,45.8986,29.092,48.4726,79.5786
2010-04-13,45.9436,29.0532,48.5707,79.5786
2010-04-14,46.5066,29.3827,48.5339,79.5786
2010-04-15,46.5667,29.3827,48.6076,79.5786
2010-04-16,45.8385,28.7818,48.7118,79.5786
2010-04-19,45.9586,28.6849,48.6505,79.596
2010-04-20,46.394,28.84,48.6996,79.5786
2010-04-21,46.3565,28.7043,48.7364,79.5786
2010-04-22,46.5817,28.5105,48.7057,79.5786
2010-04-23,46.897,28.6849,48.6689,79.5786
2010-04-26,46.7318,28.7818,48.6444,79.596
2010-04-27,45.6058,27.774,48.8222,79.5786
2010-04-28,45.9061,27.7546,48.7916,79.596
2010-04-29,46.5066,28.0841,48.81,79.596
2010-04-30,45.7109,27.8709,48.9511,79.5786
2010-05-03,46.3264,27.9678,48.9246,79.596
2010-05-04,45.2004,26.9406,49.0661,79.5786
2010-05-05,44.8325,26.4948,49.0908,79.596
2010-05-06,43.3236,25.5063,49.2815,79.6133
2010-05-07,42.5053,25.235,49.1584,79.6133
2010-05-10,44.4572,26.6692,49.103,79.6133
2010-05-11,44.4196,26.3397,49.1707,79.6133
2010-05-12,45.1328,26.6499,49.0353,79.6133
2010-05-13,44.5923,26.4173,49.1276,79.596
2010-05-14,43.7891,25.7583,49.2938,79.6133
2010-05-17,43.8191,25.7195,49.2999,79.6133
2010-05-18,43.196,25.1962,49.4845,79.596
2010-05-19,42.8882,25.1575,49.4968,79.6133
2010-05-20,41.2216,24.3047,49.5829,79.6133
2010-05-21,41.8222,24.7117,49.6506,79.6133
2010-05-24,41.2967,24.4209,49.6445,79.6133
2010-05-25,41.2967,24.1108,49.6567,79.6133
2010-05-26,41.124,23.9946,49.5952,79.6307
2010-05-27,42.5654,25.1187,49.4045,79.596
2010-05-28,42.1075,24.8667,49.503,79.6133
2010-06-01,41.2366,24.6342,49.5424,79.6133
2010-06-02,42.3101,25.0799,49.4993,79.6307
2010-06-03,42.5353,25.1381,49.4437,79.596
2010-06-04,41.0414,24.2659,49.5795,79.6307
2010-06-07,40.3733,23.917,49.7337,79.6133
2010-06-08,40.7186,24.2271,49.7152,79.6307
2010-06-09,40.5309,24.169,49.7152,79.6307
2010-06-10,41.7771,25.0605,49.5116,79.6307
2010-06-11,42.0324,25.0993,49.5918,79.6307
2010-06-14,42.0399,25.3319,49.6042,79.596
2010-06-15,42.9858,25.9521,49.5177,79.596
2010-06-16,42.9407,25.8746,49.635,79.596
2010-06-17,43.0158,26.0102,49.7708,79.596
2010-06-18,43.0458,26.0296,49.7523,79.6133
2010-06-21,42.8807,26.1847,49.7646,79.596
2010-06-22,42.145,25.894,49.8819,79.6133
2010-06-23,41.9798,25.9715,50.0053,79.6133
2010-06-24,41.3153,25.5451,49.9374,79.6133
2010-06-25,41.5265,25.6614,49.9991,79.6133
2010-06-28,41.3907,25.5451,50.0917,79.6133
2010-06-29,40.0857,24.7117,50.2089,79.6133
2010-06-30,39.6482,24.576,50.2213,79.6307
2010-07-01,39.4746,24.7311,50.2454,79.6133
2010-07-02,39.2861,24.7311,50.2145,79.6133
2010-07-06,39.4068,25.2156,50.3383,79.596
2010-07-07,40.6891,25.7971,50.2764,79.596
2010-07-08,41.089,26.0102,50.2392,79.6133
2010-07-09,41.4058,26.0684,50.1835,79.596
2010-07-12,41.4209,26.049,50.2021,79.6133
2010-07-13,42.0998,26.456,50.1155,79.6133
2010-07-14,42.0922,26.5336,50.2454,79.6133
2010-07-15,42.1299,26.6305,50.2949,79.6133
2010-07-16,40.9079,25.9327,50.462,79.6133
2010-07-19,41.1418,26.0296,50.4063,79.596
2010-07-20,41.617,26.2235,50.4001,79.596
2010-07-21,41.0965,25.9133,50.5796,79.596
2010-07-22,42.0092,26.6499,50.5239,79.596
2010-07-23,42.4392,26.9018,50.4373,79.6133
2010-07-26,42.9597,27.0956,50.462,79.5786
2010-07-27,42.9069,27.1925,50.4373,79.5786
2010-07-28,42.6052,27.0956,50.5239,79.596
2010-07-29,42.3864,27.2119,50.5796,79.5786
2010-07-30,42.4317,27.115,50.6539,79.596
2010-08-02,43.3444,27.929,50.6427,79.5786
2010-08-03,43.1106,27.9097,50.7792,79.5786
2010-08-04,43.45,27.929,50.6799,79.5786
2010-08-05,43.3595,27.9097,50.7606,79.5786
2010-08-06,43.2011,27.929,50.9095,79.5786
2010-08-09,43.4274,28.026,50.8475,79.5786
2010-08-10,43.1558,27.7934,50.953,79.596
2010-08-11,41.881,26.708,50.9902,79.6133
2010-08-12,41.6472,26.6499,50.8972,79.6133
2010-08-13,41.4888,26.6305,51.0399,79.6133
2010-08-16,41.451,26.8049,51.2323,79.596
2010-08-17,42.0394,27.115,51.1578,79.6133
2010-08-18,42.1375,27.115,51.1268,79.596
2010-08-19,41.3982,26.8243,51.2447,79.596
2010-08-20,41.2549,26.5723,51.1764,79.6133
2010-08-23,41.0361,26.456,51.2074,79.596
2010-08-24,40.4478,26.1072,51.3874,79.596
2010-08-25,40.576,26.0296,51.3192,79.6133
2010-08-26,40.3271,26.0878,51.3626,79.596
2010-08-27,41.0211,26.4754,51.1268,79.596
2010-08-30,40.4251,26.2041,51.3564,79.6133
2010-08-31,40.4327,26.2428,51.4433,79.596
2010-09-01,41.617,27.1538,51.279,79.596
2010-09-02,42.0545,27.2313,51.1794,79.6133
2010-09-03,42.6127,27.522,51.0861,79.6133
2010-09-07,42.1526,27.2119,51.3039,79.596
2010-09-08,42.3713,27.3864,51.1607,79.596
2010-09-09,42.5825,27.5996,50.9678,79.596
2010-09-10,42.7636,27.6771,50.9056,79.596
2010-09-13,43.3067,28.1422,51.0363,79.596
2010-09-14,43.2992,28.3167,51.111,79.6133
2010-09-15,43.4425,28.3554,51.0612,79.6133
2010-09-16,43.4274,28.2198,50.9803,79.6133
2010-09-17,43.45,28.0841,51.0301,79.596
2010-09-20,44.1667,28.5493,51.0674,79.596
2010-09-21,44.0611,28.6074,51.2541,79.596
2010-09-22,43.8272,28.5493,51.2977,79.596
2010-09-23,43.45,28.3361,51.3101,79.596
2010-09-24,44.3728,28.9757,51.1919,79.6133
2010-09-27,44.1833,28.8981,51.4097,79.6133
2010-09-28,44.4335,29.0532,51.5217,79.596
2010-09-29,44.3577,29.0532,51.4657,79.596
2010-09-30,44.2591,28.9757,51.4408,79.596
2010-10-01,44.4562,29.2276,51.399,79.596
2010-10-04,44.062,28.9757,51.53,79.6133
2010-10-05,44.9794,29.5959,51.5425,79.596
2010-10-06,44.9339,29.8285,51.6611,79.596
2010-10-07,44.8733,29.7703,51.7484,79.596
2010-10-08,45.1766,29.9254,51.6861,79.596
2010-10-11,45.2448,29.8866,51.6673,79.596
2010-10-12,45.404,29.8478,51.6174,79.596
2010-10-13,45.7604,30.1773,51.6985,79.596
2010-10-14,45.6391,30.3905,51.4988,79.6133
2010-10-15,45.677,30.2355,51.3803,79.596
2010-10-18,45.9272,30.3518,51.5738,79.6133
2010-10-19,45.26,29.6346,51.6486,79.596
2010-10-20,45.7149,30.0998,51.6299,79.596
2010-10-21,45.7908,30.061,51.5862,79.596
2010-10-22,45.9272,30.0998,51.555,79.6133
2010-10-25,46.0789,30.2548,51.5862,79.596
2010-10-26,46.0713,30.0804,51.4427,79.6133
2010-10-27,45.9803,29.7315,51.3365,79.6133
2010-10-28,45.9803,29.9835,51.5113,79.596
2010-10-29,46.041,30.0029,51.6049,79.6133
2010-11-01,46.0486,30.0223,51.6037,79.6133
2010-11-02,46.4125,30.3711,51.6913,79.5786
2010-11-03,46.6021,30.6037,51.7476,79.596
2010-11-04,47.512,31.3015,51.9103,79.596
2010-11-05,47.7243,31.1852,51.6913,79.596
2010-11-08,47.6636,31.0107,51.7038,79.596
2010-11-09,47.2921,30.7782,51.4409,79.596
2010-11-10,47.4968,30.8557,51.4222,79.596
2010-11-11,47.3679,30.565,51.4409,79.5786
2010-11-12,46.7689,30.2355,51.2095,79.6133
2010-11-15,46.7007,30.2161,50.9654,79.6133
2010-11-16,45.9576,29.5183,51.1344,79.6133
2010-11-17,46.0334,29.6346,51.1469,79.6133
2010-11-18,46.6779,30.313,51.1469,79.596
2010-11-19,46.8675,30.313,51.1594,79.596
2010-11-22,46.8751,30.1192,51.3096,79.596
2010-11-23,46.2078,29.247,51.3221,79.596
2010-11-24,46.9509,29.6346,51.0781,79.6133
2010-11-26,46.6324,29.1888,51.1969,79.6133
2010-11-29,46.5642,28.9757,51.2345,79.6133
2010-11-30,46.276,28.6462,51.2533,79.6133
2010-12-01,47.2693,29.4796,50.9396,79.596
2010-12-02,47.8759,29.9835,50.8957,79.596
2010-12-03,48.0276,30.2742,50.9772,79.6133
2010-12-06,48.0124,30.1773,51.1466,79.596
2010-12-07,48.0655,30.1773,50.7764,79.596
2010-12-08,48.202,30.1967,50.5129,79.596
2010-12-09,48.3764,30.2161,50.5568,79.6133
2010-12-10,48.6873,30.2355,50.3937,79.6133
2010-12-13,48.7024,30.5456,50.5254,79.6133
2010-12-14,48.7176,30.6619,50.2054,79.6133
2010-12-15,48.5053,30.2548,50.0486,79.596
2010-12-16,48.7934,30.3905,50.1615,79.596
2010-12-17,48.8844,30.2742,50.469,79.6133
2010-12-20,49.0133,30.2548,50.5004,79.6133
2010-12-21,49.309,30.5262,50.5568,79.6133
2010-12-22,49.4966,30.565,50.5004,79.596
2010-12-23,49.428,30.6231,50.4439,79.596
2010-12-27,49.4585,30.5456,50.5849,79.596
2010-12-28,49.5042,30.6027,50.2562,79.6133
2010-12-29,49.5804,30.8981,50.5532,79.596
2010-12-30,49.5194,30.8587,50.5596,79.6133
2010-12-31,49.4966,31.0359,50.7302,79.596
2011-01-03,50.0073,31.2329,50.667,79.6133
2011-01-04,49.9082,31.2329,50.6733,79.6133
2011-01-05,50.1826,31.0556,50.4521,79.6133
2011-01-06,50.0683,30.839,50.4964,79.6133
2011-01-07,49.954,30.6815,50.6859,79.596
2011-01-10,49.9921,30.5633,50.806,79.6133
2011-01-11,50.1903,30.839,50.705,79.6133
2011-01-12,50.64,31.3904,50.6733,79.596
2011-01-13,50.5638,31.4298,50.8313,79.596
2011-01-14,50.8916,31.5479,50.7618,79.596
2011-01-18,51.0212,31.6661,50.7112,79.596
2011-01-19,50.4113,31.5086,50.7744,79.6133
2011-01-20,50.2589,31.1935,50.5849,79.6133
2011-01-21,50.3427,31.2722,50.6859,79.596
2011-01-24,50.6248,31.4692,50.6797,79.596
2011-01-25,50.6553,31.4101,50.8123,79.6133
2011-01-26,50.9449,31.6267,50.6354,79.596
2011-01-27,51.0974,31.6661,50.7365,79.6133
2011-01-28,50.1826,31.095,50.8439,79.596
2011-01-31,50.5104,31.4417,50.7744,79.596
2011-02-01,51.3413,32.1162,50.6762,79.596
2011-02-02,51.2804,31.9523,50.6192,79.596
2011-02-03,51.3947,32.009,50.448,79.596
2011-02-04,51.5395,31.9901,50.2769,79.6133
2011-02-07,51.8826,32.0784,50.2833,79.596
2011-02-08,52.1418,32.1288,50.1248,79.596
2011-02-09,52.0045,31.9334,50.2453,79.6133
2011-02-10,52.0656,31.6371,50.0868,79.596
2011-02-11,52.4086,31.7569,50.2579,79.596
2011-02-14,52.5458,31.8325,50.315,79.596
2011-02-15,52.3781,31.7317,50.3847,79.6133
2011-02-16,52.7211,32.1288,50.4037,79.6133
2011-02-17,52.9117,32.2612,50.4797,79.6133
2011-02-18,53.0108,32.3179,50.4797,79.596
2011-02-22,51.875,31.511,50.6698,79.596
2011-02-23,51.4404,31.4795,50.6635,79.6133
2011-02-24,51.4481,31.5236,50.7142,79.6133
2011-02-25,52.096,31.8829,50.8536,79.6133
2011-02-28,52.3781,32.1729,50.9233,79.596
2011-03-01,51.4938,31.8073,50.8992,79.596
2011-03-02,51.6005,32.0405,50.7975,79.6133
2011-03-03,52.5382,32.4124,50.5942,79.596
2011-03-04,52.1875,32.1981,50.7658,79.6133
2011-03-07,51.7149,31.9838,50.7594,79.596
2011-03-08,52.1799,32.0972,50.7149,79.596
2011-03-09,52.1036,32.0594,50.8039,79.596
2011-03-10,51.105,31.2652,51.039,79.596
2011-03-11,51.4481,31.3787,51.0454,79.6133
2011-03-14,51.1355,30.9248,51.0962,79.6133
2011-03-15,50.5943,30.3827,51.128,79.6307
2011-03-16,49.7177,29.538,51.3695,79.6307
2011-03-17,50.2894,30.2945,51.2932,79.6307
2011-03-18,50.5257,30.7609,51.2868,79.6307
2011-03-21,51.3185,31.4228,51.1407,79.6307
2011-03-22,51.1508,31.3471,51.1216,79.596
2011-03-23,51.2727,31.4858,51.1026,79.6133
2011-03-24,51.7606,31.801,51.02,79.596
2011-03-25,51.9466,31.5993,50.9501,79.596
2011-03-28,51.8242,31.4543,50.9056,79.6133
2011-03-29,52.2069,31.7064,50.8166,79.596
2011-03-30,52.5973,32.1288,50.9056,79.6133
2011-03-31,52.5973,32.0909,50.8483,79.596
2011-04-01,52.8499,32.3746,50.9108,79.596
2011-04-04,52.8959,32.5448,50.9746,79.596
2011-04-05,52.9265,32.4187,50.8599,79.596
2011-04-06,53.0642,32.6583,50.7834,79.596
2011-04-07,52.9112,32.4944,50.7706,79.6133
2011-04-08,52.6892,32.7402,50.7388,79.596
2011-04-11,52.4978,32.5385,50.7451,79.596
2011-04-12,52.0538,32.2296,50.9236,79.6133
2011-04-13,52.0844,32.362,51.0191,79.6133
2011-04-14,52.1151,32.4376,50.9936,79.596
2011-04-15,52.3677,32.4187,51.153,79.6133
2011-04-18,51.74,31.8388,51.2104,79.596
2011-04-19,52.0385,32.1288,51.2932,79.596
2011-04-20,52.7963,32.8852,51.2231,79.596
2011-04-21,53.0566,33.0239,51.2613,79.596
2011-04-25,53.003,32.9986,51.2932,79.596
2011-04-26,53.47,33.2571,51.4525,79.596
2011-04-27,53.8221,33.5407,51.427,79.596
2011-04-28,53.9829,33.6038,51.5226,79.596
2011-04-29,54.1207,33.7551,51.5927,79.596
2011-05-02,54.0288,33.6983,51.6074,79.596
2011-05-03,53.7302,33.3579,51.6649,79.596
2011-05-04,53.3322,33.005,51.7288,79.6307
2011-05-05,52.9035,32.4187,51.8438,79.6307
2011-05-06,53.1332,32.5448,51.8822,79.6307
2011-05-09,53.4164,32.7276,51.927,79.6307
2011-05-10,53.891,33.0302,51.7927,79.6307
2011-05-11,53.3398,32.4313,51.8566,79.6307
2011-05-12,53.5925,32.5511,51.8055,79.6307
2011-05-13,53.1026,32.009,51.8822,79.6133
2011-05-16,52.7351,31.9208,52.0036,79.6133
2011-05-17,52.6892,31.9838,52.0867,79.6133
2011-05-18,53.1944,32.3179,51.9397,79.596
2011-05-19,53.3245,32.3683,51.9205,79.6307
2011-05-20,52.9265,32.0216,51.9653,79.6133
2011-05-23,52.2528,31.4228,51.9972,79.6133
2011-05-24,52.1992,31.5867,52.0292,79.6133
2011-05-25,52.4136,31.7443,52.0483,79.6133
2011-05-26,52.7274,32.0216,52.1186,79.6133
2011-05-27,52.9724,32.2612,52.1378,79.6133
2011-05-31,53.5465,32.7402,52.2017,79.6133
2011-06-01,52.3294,32.1162,52.4541,79.596
2011-06-02,52.2299,32.28,52.2427,79.596
2011-06-03,51.694,32.217,52.3324,79.596
2011-06-06,51.0969,31.8136,52.3004,79.596
2011-06-07,51.0739,32.0784,52.3645,79.6133
2011-06-08,50.806,31.7506,52.467,79.6133
2011-06-09,51.1658,32.0342,52.3452,79.596
2011-06-10,50.4386,31.3093,52.4093,79.6133
2011-06-13,50.4309,31.3282,52.358,79.596
2011-06-14,51.1276,31.8199,52.1402,79.6133
2011-06-15,50.2166,30.9815,52.3516,79.6133
2011-06-16,50.3008,30.7987,52.3836,79.6133
2011-06-17,50.4616,31.0194,52.4349,79.6133
2011-06-20,50.6989,30.95,52.3709,79.6133
2011-06-21,51.472,31.5867,52.3836,79.596
2011-06-22,51.1888,31.158,52.3965,79.6133
2011-06-23,51.1046,30.9879,52.5246,79.6133
2011-06-24,50.5226,30.7546,52.5759,79.596
2011-06-27,50.9532,31.0004,52.4221,79.596
2011-06-28,51.6604,31.3661,52.2299,79.596
2011-06-29,52.114,31.8262,52.1145,79.6133
2011-06-30,52.5829,32.3431,52.0056,79.6133
2011-07-01,53.3363,32.6646,52.0294,79.596
2011-07-05,53.3286,32.4881,52.2029,79.596
2011-07-06,53.4362,32.3179,52.235,79.6133
2011-07-07,54.0128,32.6204,52.1257,79.596
2011-07-08,53.6284,32.2927,52.3956,79.596
2011-07-11,52.6367,31.4291,52.5498,79.5786
2011-07-12,52.4061,31.2022,52.6012,79.596
2011-07-13,52.606,31.6686,52.6719,79.6133
2011-07-14,52.1601,31.4669,52.4727,79.6133
2011-07-15,52.4907,31.5867,52.5691,79.6133
2011-07-18,52.0063,31.2022,52.4984,79.6133
2011-07-19,52.8827,31.6119,52.6398,79.6133
2011-07-20,52.852,31.8766,52.5562,79.596
2011-07-21,53.4977,32.4502,52.4406,79.596
2011-07-22,53.59,32.507,52.5819,79.6133
2011-07-25,53.244,32.3305,52.4084,79.6133
2011-07-26,53.0211,32.444,52.537,79.6133
2011-07-27,51.8526,31.8514,52.4277,79.6133
2011-07-28,51.6758,31.6812,52.5819,79.6133
2011-07-29,51.3913,31.7758,52.8518,79.6133
2011-08-01,51.1607,31.5362,53.0199,79.6133
2011-08-02,49.8077,30.6979,53.2454,79.6133
2011-08-03,50.0845,30.7357,53.284,79.6133
2011-08-04,47.5706,28.7564,53.6062,79.6133
2011-08-05,47.3707,28.9644,53.2583,79.6133
2011-08-08,44.0882,26.9032,53.5096,79.6133
2011-08-09,46.2945,28.3404,53.6964,79.6133
2011-08-10,44.3265,27.1049,54.1216,79.6133
2011-08-11,46.356,28.2774,53.5997,79.6133
2011-08-12,46.6635,28.5484,53.7736,79.6133
2011-08-15,47.6782,29.2292,53.6834,79.6133
2011-08-16,47.2247,28.9014,53.8446,79.6133
2011-08-17,47.2324,28.9644,53.9412,79.6133
2011-08-18,45.126,27.6785,54.0571,79.5786
2011-08-19,44.3188,27.2373,54.1087,79.6133
2011-08-22,44.3265,27.3886,53.9863,79.5786
2011-08-23,45.8486,28.1954,53.8252,79.6133
2011-08-24,46.5021,28.1639,53.516,79.6133
2011-08-25,45.7256,27.5966,53.6642,79.5786
2011-08-26,46.4867,27.9748,53.7286,79.6133
2011-08-29,47.9396,28.6493,53.5997,79.6133
2011-08-30,48.0703,28.706,53.7994,79.6133
2011-08-31,48.2625,29.0905,53.7286,79.6133
2011-09-01,47.7167,28.9014,53.9566,79.6133
2011-09-02,46.4098,28.1765,54.1051,79.6133
2011-09-06,46.1177,27.376,54.1826,79.596
2011-09-07,47.4937,28.29,54.0599,79.5786
2011-09-08,46.9249,27.7605,54.131,79.5786
2011-09-09,45.7025,26.8591,54.1762,79.596
2011-09-12,46.0254,26.6448,54.0147,79.596
2011-09-13,46.4867,26.9032,53.9566,79.5786
2011-09-14,47.1478,27.1112,54.0728,79.5786
2011-09-15,47.9704,27.6344,53.9695,79.5786
2011-09-16,48.201,27.5651,53.9501,79.5786
2011-09-19,47.6936,26.941,54.118,79.596
2011-09-20,47.5245,26.9978,54.1891,79.596
2011-09-21,45.9793,26.2035,54.3376,79.596
2011-09-22,44.5648,25.0248,54.4668,79.5786
2011-09-23,44.8245,25.2328,54.286,79.596
2011-09-26,45.8832,25.5921,54.118,79.596
2011-09-27,46.4629,26.2855,54.0082,79.5786
2011-09-28,45.4041,25.7686,53.892,79.596
2011-09-29,45.7364,26.3044,53.8855,79.596
2011-09-30,44.6081,25.4093,54.0858,79.596
2011-10-03,43.132,24.6466,54.3927,79.596
2011-10-04,44.2139,24.9302,54.179,79.596
2011-10-05,45.1181,25.3588,53.9458,79.596
2011-10-06,45.9914,26.1657,53.9135,79.5786
2011-10-07,45.5741,25.9514,53.7969,79.596
2011-10-10,47.1429,26.9032,53.7192,79.5786
2011-10-11,47.1816,26.7771,53.6933,79.596
2011-10-12,47.6299,27.4642,53.6804,79.5786
2011-10-13,47.568,27.376,53.7451,79.596
2011-10-14,48.4336,27.7794,53.648,79.5786
2011-10-17,47.4521,26.9725,53.8358,79.5786
2011-10-18,48.4104,27.5335,53.7775,79.596
2011-10-19,47.7689,26.9852,53.92,79.596
2011-10-20,47.9853,26.9788,53.8941,79.596
2011-10-21,48.8896,27.6281,53.8099,79.5786
2011-10-24,49.7088,28.2017,53.8488,79.5786
2011-10-25,48.6964,27.71,54.1272,79.596
2011-10-26,49.2219,28.082,53.9912,79.596
2011-10-27,50.9221,29.4687,53.7127,79.5786
2011-10-28,50.9685,29.2355,53.907,79.5786
2011-10-31,49.6779,28.0126,54.1466,79.5613
2011-11-01,48.3563,27.0671,54.5491,79.596
2011-11-02,49.1523,27.6029,54.5166,79.5786
2011-11-03,50.1106,28.2458,54.3803,79.5613
2011-11-04,49.8402,27.8613,54.4582,79.5786
2011-11-07,50.0952,28.0882,54.4712,79.596
2011-11-08,50.698,28.353,54.3024,79.596
2011-11-09,48.7659,26.8654,54.3673,79.5786
2011-11-10,49.1987,27.2058,54.3024,79.596
2011-11-11,50.1725,27.8613,54.2635,79.5786
2011-11-14,49.6779,27.439,54.27,79.596
2011-11-15,49.9793,27.5209,54.2375,79.5786
2011-11-16,49.1446,26.815,54.3413,79.596
2011-11-17,48.3409,26.4241,54.3154,79.596
2011-11-18,48.2713,26.4935,54.2829,79.596
2011-11-21,47.3748,25.9136,54.27,79.596
2011-11-22,47.1507,25.6551,54.3284,79.5786
2011-11-23,46.0996,25.0059,54.3868,79.596
2011-11-25,45.9528,24.8609,54.3089,79.596
2011-11-28,47.3362,25.9892,54.3089,79.596
2011-11-29,47.483,26.0522,54.231,79.5613
2011-11-30,49.4924,27.4201,54.1141,79.5786
2011-12-01,49.4924,27.1553,54.0966,79.5613
2011-12-02,49.4692,27.2184,54.2723,79.5786
2011-12-05,50.0102,27.502,54.2788,79.5786
2011-12-06,50.0334,27.3634,54.2072,79.596
2011-12-07,50.1648,27.5272,54.2788,79.5786
2011-12-08,49.0287,26.5628,54.4024,79.5786
2011-12-09,49.902,27.1805,54.2723,79.5613
2011-12-12,49.1369,26.3989,54.3308,79.5613
2011-12-13,48.6113,25.9577,54.4675,79.5613
2011-12-14,48.0549,25.7371,54.5717,79.5786
2011-12-15,48.2327,25.819,54.5456,79.5613
2011-12-16,48.3949,25.819,54.6953,79.5786
2011-12-19,47.8308,25.5101,54.6757,79.5786
2011-12-20,49.3301,26.317,54.5651,79.5786
2011-12-21,49.4241,26.2721,54.4155,79.5786
2011-12-22,49.9371,26.5258,54.5196,79.5786
2011-12-23,50.3179,26.6819,54.589,79.5786
2011-12-27,50.3257,26.6233,54.4579,79.5613
2011-12-28,49.7117,26.0835,54.6677,79.5647
2011-12-29,50.2014,26.4802,54.7136,79.5647
2011-12-30,49.976,26.6038,54.7529,79.5647
2012-01-03,50.6833,27.3779,54.5825,79.5474
2012-01-04,50.7066,27.2543,54.6087,79.5474
2012-01-05,50.932,26.9551,54.589,79.5474
2012-01-06,50.8154,26.6038,54.6218,79.5474
2012-01-09,50.932,26.7665,54.6677,79.5647
2012-01-10,51.4372,27.1827,54.6415,79.5647
2012-01-11,51.5304,27.1242,54.7725,79.5474
2012-01-12,51.6548,27.2348,54.6939,79.5474
2012-01-13,51.4138,26.9746,54.8577,79.5474
2012-01-17,51.5304,27.2803,54.8119,79.5474
2012-01-18,52.1522,27.8332,54.7988,79.5474
2012-01-19,52.4709,28.1324,54.7464,79.5474
2012-01-20,52.4864,28.269,54.6415,79.5474
2012-01-23,52.502,28.4381,54.5759,79.5474
2012-01-24,52.4942,28.2755,54.589,79.5474
2012-01-25,52.9761,28.6333,54.7464,79.5474
2012-01-26,52.7041,28.6072,54.8905,79.5474
2012-01-27,52.7429,28.6788,54.9888,79.5474
2012-01-30,52.5331,28.3796,55.0544,79.5647
2012-01-31,52.5097,28.5552,55.1003,79.5474
2012-02-01,53.116,28.978,55.0438,79.5474
2012-02-02,53.2092,29.0756,55.1292,79.5474
2012-02-03,54.002,29.4984,55.0569,79.5474
2012-02-06,53.9709,29.3357,55.0832,79.5647
2012-02-07,54.0953,29.4658,55.0109,79.5474
2012-02-08,54.2119,29.5959,54.9452,79.5647
2012-02-09,54.2974,29.5894,54.9518,79.5474
2012-02-10,53.8699,29.0691,54.9912,79.5647
2012-02-13,54.2818,29.3943,54.9846,79.5474
2012-02-14,54.2041,29.1927,55.0569,79.5647
2012-02-15,53.9709,29.3097,54.9846,79.5474
2012-02-16,54.616,29.5959,54.9912,79.5647
2012-02-17,54.6938,29.7781,54.8664,79.5474
2012-02-21,54.6704,29.7781,54.8335,79.5474
2012-02-22,54.4995,29.713,55.0175,79.5474
2012-02-23,54.8026,29.8952,55.0438,79.5474
2012-02-24,54.8803,30.0903,55.0832,79.5647
2012-02-27,54.9269,29.8171,55.1817,79.5474
2012-02-28,55.0824,30.1814,55.1752,79.5474
2012-02-29,54.7248,29.8561,55.1226,79.5647
2012-03-01,55.1446,30.2594,55.0337,79.5474
2012-03-02,54.8725,29.9342,55.1456,79.5474
2012-03-05,54.6238,29.7,55.0337,79.5474
2012-03-06,53.7455,28.8219,55.1259,79.5474
2012-03-07,54.2119,29.1666,55.1391,79.5474
2012-03-08,54.7715,29.8106,55.0534,79.5647
2012-03-09,55.0435,29.7325,55.0008,79.5647
2012-03-12,55.0047,29.5894,55.0403,79.5647
2012-03-13,56.0228,30.0968,54.8756,79.5647
2012-03-14,55.9062,29.7781,54.553,79.5474
2012-03-15,56.2327,30.0318,54.5661,79.5474
2012-03-16,56.3182,30.1683,54.5596,79.5474
2012-03-19,56.528,30.2334,54.4147,79.5647
2012-03-20,56.3337,29.8561,54.4278,79.5647
2012-03-21,56.2715,29.7846,54.5859,79.5647
2012-03-22,55.8207,29.4398,54.6649,79.5647
2012-03-23,56.0462,29.635,54.7637,79.5647
2012-03-26,56.8251,30.0838,54.7571,79.5647
2012-03-27,56.6378,29.9082,54.8493,79.5474
2012-03-28,56.3568,29.661,54.8362,79.5647
2012-03-29,56.2553,29.4854,54.9547,79.5474
2012-03-30,56.4036,29.6935,54.8427,79.5474
2012-04-02,56.8798,30.0903,54.8401,79.53
2012-04-03,56.6925,29.6415,54.6353,79.5474
2012-04-04,56.0602,28.9975,54.7872,79.53
2012-04-05,56.0212,28.965,54.893,79.5474
2012-04-09,55.3655,28.7178,55.0845,79.5647
2012-04-10,54.3273,28.1909,55.2431,79.5647
2012-04-11,54.7801,28.5487,55.1638,79.5647
2012-04-12,55.6074,29.1016,55.1705,79.5474
2012-04-13,54.9284,28.5812,55.3092,79.53
2012-04-16,54.8737,28.6983,55.3092,79.5474
2012-04-17,55.7089,29.1146,55.3026,79.5474
2012-04-18,55.5138,28.926,55.3422,79.5474
2012-04-19,55.1938,28.8479,55.329,79.5647
2012-04-20,55.2796,28.991,55.3224,79.5474
2012-04-23,54.8035,28.5227,55.3885,79.5647
2012-04-24,54.983,28.6788,55.3224,79.5647
2012-04-25,55.7948,29.0626,55.3092,79.5474
2012-04-26,56.2007,29.1341,55.3819,79.5647
2012-04-27,56.3334,29.2252,55.4149,79.5474
2012-04-30,56.0446,29.0756,55.448,79.5647
2012-05-01,56.4036,29.2382,55.3685,79.5647
2012-05-02,56.2788,29.004,55.4545,79.5647
2012-05-03,55.787,28.7308,55.5274,79.5474
2012-05-04,54.8581,28.3471,55.587,79.5474
2012-05-07,54.8971,28.4902,55.5671,79.5647
2012-05-08,54.6942,28.0999,55.6201,79.5647
2012-05-09,54.3664,27.7356,55.587,79.5647
2012-05-10,54.5069,27.8657,55.5539,79.5647
2012-05-11,54.3586,27.6966,55.5936,79.5647
2012-05-14,53.7419,27.1242,55.693,79.5647
2012-05-15,53.4531,26.8055,55.7062,79.5647
2012-05-16,53.2033,26.5323,55.6731,79.5647
2012-05-17,52.2823,26.2005,55.7195,79.5647
2012-05-18,51.8451,25.9924,55.6864,79.5647
2012-05-21,52.8052,26.4933,55.693,79.5647
2012-05-22,52.8209,26.4152,55.6003,79.53
2012-05-23,52.9145,26.2071,55.64,79.53
2012-05-24,53.016,26.09,55.5804,79.5647
2012-05-25,52.8911,25.9664,55.6466,79.5647
2012-05-29,53.5312,26.3697,55.6466,79.5647
2012-05-30,52.6881,25.8363,55.8585,79.5647
2012-05-31,52.5555,25.9274,55.9645,79.5647
2012-06-01,51.2051,25.3029,56.1609,79.5647
2012-06-04,51.1582,25.485,56.0216,79.5647
2012-06-05,51.5485,25.6542,55.9088,79.5647
2012-06-06,52.7506,26.3892,55.8025,79.5474
2012-06-07,52.6881,26.3892,55.8224,79.5474
2012-06-08,53.1487,26.2136,55.8556,79.5474
2012-06-11,52.4072,25.9924,55.9021,79.5474
2012-06-12,52.977,26.4477,55.8158,79.5647
2012-06-13,52.5867,26.2396,55.9353,79.5647
2012-06-14,53.1331,26.4022,55.9021,79.5647
2012-06-15,53.6795,26.7795,56.0282,79.5474
2012-06-18,53.8356,26.7665,56.0348,79.5647
2012-06-19,54.4054,27.2478,55.9618,79.53
2012-06-20,54.3039,27.2673,55.8556,79.53
2012-06-21,53.0784,26.5128,55.9485,79.5647
2012-06-22,53.5078,26.799,55.8357,79.5474
2012-06-25,52.6338,26.09,55.9817,79.5647
2012-06-26,52.8848,26.3241,55.922,79.5647
2012-06-27,53.3948,26.5063,55.9817,79.5474
2012-06-28,53.2849,26.4737,56.0415,79.5647
2012-06-29,54.6814,27.4754,56.0017,79.53
2012-07-02,54.8304,27.6251,56.1194,79.53
2012-07-03,55.2776,27.8592,56.0396,79.53
2012-07-05,55.0501,27.5275,56.1992,79.53
2012-07-06,54.5323,27.2283,56.2524,79.53
2012-07-09,54.3989,27.1242,56.3588,79.53
2012-07-10,53.9126,26.9486,56.412,79.53
2012-07-11,53.8733,27.0461,56.3322,79.53
2012-07-12,53.6615,26.7014,56.4387,79.53
2012-07-13,54.501,27.1372,56.4453,79.5474
2012-07-16,54.3676,27.0982,56.4786,79.53
2012-07-17,54.7285,27.2868,56.4586,79.53
2012-07-18,55.1207,27.3714,56.5517,79.53
2012-07-19,55.2149,27.6316,56.5384,79.5474
2012-07-20,54.7128,27.1242,56.6448,79.53
2012-07-23,54.1087,26.5843,56.6715,79.53
2012-07-24,53.6223,26.3502,56.738,79.5474
2012-07-25,53.6301,26.4607,56.7779,79.5647
2012-07-26,54.446,27.1502,56.738,79.5474
2012-07-27,55.5208,27.7812,56.5251,79.5647
2012-07-30,55.4659,27.7031,56.6315,79.5647
2012-07-31,55.1599,27.56,56.6914,79.53
2012-08-01,54.9403,27.5405,56.6228,79.5474
2012-08-02,54.5637,27.2283,56.7294,79.5474
2012-08-03,55.6699,28.0348,56.5228,79.5474
2012-08-06,55.8111,28.217,56.5761,79.5647
2012-08-07,56.1484,28.4316,56.4295,79.5474
2012-08-08,56.219,28.3926,56.4161,79.53
2012-08-09,56.2661,28.4381,56.3828,79.53
2012-08-10,56.376,28.5357,56.4494,79.53
2012-08-13,56.3289,28.3861,56.4561,79.53
2012-08-14,56.3132,28.4707,56.3161,79.53
2012-08-15,56.4387,28.4381,56.1161,79.53
2012-08-16,56.8702,28.7373,56.0562,79.53
2012-08-17,56.9801,28.7503,56.1495,79.53
2012-08-20,56.9722,28.6983,56.1227,79.53
2012-08-21,56.8545,28.8219,56.2228,79.53
2012-08-22,56.7839,28.8219,56.4494,79.53
2012-08-23,56.3603,28.6333,56.4761,79.53
2012-08-24,56.6819,28.6203,56.4761,79.53
2012-08-27,56.6741,28.5812,56.5628,79.53
2012-08-28,56.6662,28.4121,56.5827,79.53
2012-08-29,56.7368,28.3015,56.5361,79.53
2012-08-30,56.3132,27.9828,56.5827,79.53
2012-08-31,56.6505,28.2755,56.7827,79.53
2012-09-04,56.6113,28.0804,56.7453,79.53
2012-09-05,56.6113,28.0088,56.7453,79.5474
2012-09-06,57.7411,28.6788,56.6117,79.5474
2012-09-07,58.0235,29.1276,56.6117,79.53
2012-09-10,57.6783,28.8999,56.6251,79.53
2012-09-11,57.8038,29.1406,56.5516,79.53
2012-09-12,58.047,29.3097,56.4714,79.53
2012-09-13,58.9178,29.8886,56.585,79.53
2012-09-14,59.2316,30.2334,56.3044,79.53
2012-09-17,58.9884,29.9927,56.3846,79.53
2012-09-18,58.8864,29.8691,56.4514,79.53
2012-09-19,58.9335,29.9797,56.5249,79.53
2012-09-20,58.8551,29.7651,56.5382,79.53
2012-09-21,58.8707,29.8431,56.5984,79.53
2012-09-24,58.7399,29.7485,56.6585,79.53
2012-09-25,58.1407,29.4972,56.772,79.53
2012-09-26,57.7545,29.2327,56.8656,79.53
2012-09-27,58.3299,29.6626,56.8322,79.5474
2012-09-28,58.0619,29.2393,56.8856,79.53
2012-10-01,58.1644,29.4377,56.9284,79.53
2012-10-02,58.2511,29.57,56.9284,79.5474
2012-10-03,58.464,29.4443,56.9084,79.53
2012-10-04,58.9054,29.7419,56.8146,79.53
2012-10-05,58.8897,29.7948,56.7544,79.53
2012-10-08,58.6611,29.5435,56.828,79.53
2012-10-09,58.0698,29.193,56.7276,79.53
2012-10-10,57.7308,29.0739,56.8146,79.5474
2012-10-11,57.8175,29.2657,56.8615,79.5474
2012-10-12,57.5652,29.2261,56.9017,79.53
2012-10-15,58.0383,29.5303,56.8816,79.5474
2012-10-16,58.6374,29.9403,56.7678,79.53
2012-10-17,58.9133,30.1784,56.6272,79.5474
2012-10-18,58.7951,30.1255,56.6005,79.53
2012-10-19,57.7781,29.6692,56.6875,79.53
2012-10-22,57.7781,29.9205,56.6072,79.53
2012-10-23,57.0449,29.2922,56.7343,79.5474
2012-10-24,56.8873,29.3716,56.7075,79.5474
2012-10-25,57.0449,29.5832,56.6138,79.53
2012-10-26,56.9819,29.4641,56.7343,79.53
2012-10-31,57.0134,29.4774,56.828,79.5474
2012-11-01,57.7308,29.8147,56.741,79.5474
2012-11-02,57.1317,29.5964,56.7611,79.5474
2012-11-05,57.313,29.5898,56.8482,79.53
2012-11-06,57.7466,29.8081,56.6674,79.53
2012-11-07,56.4537,29.365,56.8013,79.5474
2012-11-08,55.7363,29.0739,56.8883,79.5474
2012-11-09,55.7915,29.1202,56.8347,79.5474
2012-11-12,55.823,29.1202,56.9218,79.5474
2012-11-13,55.6101,28.9417,56.9151,79.5474
2012-11-14,54.8297,28.6308,56.9017,79.5474
2012-11-15,54.6878,28.6903,56.895,79.5474
2012-11-16,54.9873,28.6903,56.8682,79.5474
2012-11-19,56.1226,29.2856,56.8682,79.5474
2012-11-20,56.1856,29.2459,56.7812,79.53
2012-11-21,56.3275,29.3253,56.7209,79.53
2012-11-23,57.0607,29.8941,56.7343,79.53
2012-11-26,56.9898,29.8081,56.7209,79.53
2012-11-27,56.6902,29.6097,56.8347,79.53
2012-11-28,57.1395,29.8015,56.8682,79.53
2012-11-29,57.4706,30.0726,56.9017,79.53
2012-11-30,57.4549,30.0858,56.8615,79.53
2012-12-03,57.2026,30.066,56.9065,79.53
2012-12-04,57.1238,30.1586,56.9534,79.53
2012-12-05,57.2341,30.3041,56.9937,79.53
2012-12-06,57.4155,30.3768,56.9937,79.53
2012-12-07,57.581,30.4099,56.8863,79.53
2012-12-10,57.6519,30.4959,56.9199,79.53
2012-12-11,58.0146,30.6083,56.8729,79.53
2012-12-12,58.0383,30.7538,56.7858,79.53
2012-12-13,57.7071,30.6612,56.6717,79.53
2012-12-14,57.4628,30.7604,56.7052,79.53
2012-12-17,58.1802,30.9126,56.6047,79.53
2012-12-18,58.8582,31.1507,56.4772,79.5474
2012-12-19,58.4955,31.2102,56.5979,79.53
2012-12-20,58.8171,31.4153,56.6113,79.53
2012-12-21,58.3168,31.1338,56.6918,79.53
2012-12-24,58.1183,31.0332,56.3095,79.53
2012-12-26,57.8403,31.0667,56.3564,79.53
2012-12-27,57.7927,31.2276,56.4034,79.53
2012-12-28,57.1653,31.0064,56.4168,79.5474
2012-12-31,58.1977,31.5561,56.3632,79.53
2013-01-02,59.6748,32.0388,56.276,79.53
2013-01-03,59.5875,31.7706,56.1083,79.53
2013-01-04,59.8893,31.8712,56.1955,79.5474
2013-01-07,59.7304,31.7371,56.1552,79.5127
2013-01-08,59.5716,31.5494,56.2089,79.5127
2013-01-09,59.7543,31.7304,56.1887,79.5127
2013-01-10,60.1673,32.126,56.1887,79.5127
2013-01-11,60.1752,32.1192,56.229,79.5127
2013-01-14,60.1117,32.1394,56.229,79.5127
2013-01-15,60.2228,32.0388,56.3028,79.5127
2013-01-16,60.1752,31.8913,56.2961,79.5127
2013-01-17,60.5882,32.1729,56.2022,79.53
2013-01-18,60.7549,32.1863,56.2894,79.5127
2013-01-22,61.0726,32.1796,56.2357,79.5127
2013-01-23,61.1441,32.0857,56.3229,79.5127
2013-01-24,61.2156,32.2064,56.2424,79.53
2013-01-25,61.5571,32.374,56.0614,79.5127
2013-01-28,61.5015,32.1192,55.9942,79.5127
2013-01-29,61.708,32.4344,55.9339,79.5127
2013-01-30,61.4618,32.3874,55.8735,79.5127
2013-01-31,61.3506,32.3137,55.9741,79.53
2013-02-01,61.9462,32.6288,55.8168,79.5127
2013-02-04,61.295,32.079,56.0117,79.5127
2013-02-05,61.8748,32.1997,55.9177,79.53
2013-02-06,61.9859,32.2734,56.0521,79.53
2013-02-07,61.8748,31.9986,56.0588,79.53
2013-02-08,62.248,32.1528,56.0454,79.53
2013-02-11,62.2163,32.1394,55.9782,79.53
2013-02-12,62.3195,32.2533,55.9916,79.53
2013-02-13,62.4068,32.374,55.9177,79.5127
2013-02-14,62.4863,32.2265,55.9983,79.53
2013-02-15,62.4148,32.1595,55.9513,79.5127
2013-02-19,62.8516,32.441,55.9311,79.5127
2013-02-20,62.0177,32.2332,55.9714,79.53
2013-02-21,61.5968,31.6835,56.0252,79.5127
2013-02-22,62.1924,32.0455,56.0521,79.53
2013-02-25,61.0488,31.4086,56.2335,79.5127
2013-02-26,61.4379,31.6634,56.2604,79.5127
2013-02-27,62.1924,32.0187,56.247,79.53
2013-02-28,62.1368,31.9449,56.2739,79.53
2013-03-01,62.2798,31.9181,56.3048,79.53
2013-03-04,62.5657,31.9516,56.2914,79.5127
2013-03-05,63.1931,32.26,56.2577,79.53
2013-03-06,63.2884,32.3472,56.1634,79.5127
2013-03-07,63.4393,32.441,56.0826,79.53
2013-03-08,63.749,32.5282,55.9278,79.5127
2013-03-11,63.9317,32.5684,55.9009,79.53
2013-03-12,63.8205,32.4008,56.0086,79.5127
2013-03-13,63.9397,32.2936,55.9412,79.53
2013-03-14,64.297,32.5483,55.9615,79.53
2013-03-15,64.2255,32.5081,56.0288,79.53
2013-03-18,63.8761,32.2131,56.1365,79.5127
2013-03-19,63.7014,32.0723,56.1701,79.5127
2013-03-20,64.1779,32.3271,56.1163,79.5127
2013-03-21,63.6617,32.0321,56.1298,79.5127
2013-03-22,64.0558,32.264,56.1837,79.53
2013-03-25,63.8404,31.9817,56.177,79.5127
2013-03-26,64.3191,32.1766,56.1971,79.53
2013-03-27,64.3669,32.1094,56.3116,79.5127
2013-03-28,64.5903,32.2438,56.3183,79.53
2013-04-01,64.2472,31.9481,56.3697,79.5127
2013-04-02,64.4387,32.0892,56.3764,79.53
2013-04-03,63.7366,31.8741,56.4102,79.5127
2013-04-04,64.0159,32.0691,56.5724,79.5127
2013-04-05,63.7925,31.9077,56.7278,79.53
2013-04-08,64.1834,31.9414,56.7008,79.53
2013-04-09,64.3669,32.1363,56.64,79.53
2013-04-10,65.1966,32.5866,56.5319,79.53
2013-04-11,65.4439,32.7278,56.5589,79.5127
2013-04-12,65.2126,32.5665,56.6941,79.53
2013-04-15,63.6249,31.78,56.7549,79.53
2013-04-16,64.5664,32.3715,56.7414,79.53
2013-04-17,63.601,31.6523,56.7684,79.53
2013-04-18,63.2021,31.6322,56.8022,79.5127
2013-04-19,63.8084,31.9682,56.7549,79.53
2013-04-22,64.0797,32.0422,56.8292,79.53
2013-04-23,64.7738,32.4052,56.8157,79.53
2013-04-24,64.8695,32.6404,56.8022,79.53
2013-04-25,65.1328,32.8152,56.7684,79.5127
2013-04-26,65.0131,32.8353,56.8427,79.5127
2013-04-29,65.428,33.1849,56.89,79.5127
2013-04-30,65.6275,33.3731,56.89,79.5127
2013-05-01,64.9573,33.1109,56.9862,79.5127
2013-05-02,65.6354,33.2722,56.9998,79.53
2013-05-03,66.2497,33.5882,56.7289,79.5127
2013-05-06,66.505,33.5546,56.7221,79.5127
2013-05-07,66.872,33.6823,56.668,79.5127
2013-05-08,67.1832,34.0654,56.7221,79.53
2013-05-09,66.9598,33.7024,56.6341,79.53
2013-05-10,67.255,33.7562,56.4919,79.5127
2013-05-13,67.2709,33.6755,56.4309,79.53
2013-05-14,67.965,33.7562,56.3226,79.5127
2013-05-15,68.2602,33.8167,56.3903,79.5127
2013-05-16,67.981,33.5747,56.4716,79.5127
2013-05-17,68.6751,33.7629,56.3497,79.53
2013-05-20,68.6671,34.0251,56.3362,79.5127
2013-05-21,68.7788,34.0452,56.3903,79.53
2013-05-22,68.1007,33.689,56.2007,79.53
2013-05-23,67.973,33.3327,56.194,79.53
2013-05-24,67.8852,33.037,56.2007,79.53
2013-05-28,68.324,33.0773,55.8893,79.5127
2013-05-29,67.8613,32.8353,55.9367,79.53
2013-05-30,68.1405,32.9698,55.8893,79.5127
2013-05-31,67.231,32.2707,55.7945,79.53
2013-06-03,67.5023,32.5866,55.7436,79.53
2013-06-04,67.1752,32.4791,55.7232,79.53
2013-06-05,66.2258,31.8876,55.7029,79.53
2013-06-06,66.8481,32.0825,55.7775,79.5127
2013-06-07,67.6778,32.2774,55.635,79.53
2013-06-10,67.7018,32.2505,55.4926,79.5127
2013-06-11,67.0156,31.8002,55.5197,79.53
2013-06-12,66.4492,31.7464,55.4111,79.5127
2013-06-13,67.4784,32.2304,55.6554,79.53
2013-06-14,67.0954,31.8338,55.7164,79.5127
2013-06-17,67.5661,32.2573,55.6758,79.5127
2013-06-18,68.0767,32.4253,55.6282,79.5127
2013-06-19,67.2071,31.7935,55.3026,79.5127
2013-06-20,65.5397,30.7449,54.8005,79.5127
2013-06-21,65.7073,30.8121,54.5766,79.53
2013-06-24,64.8624,30.1985,54.312,79.53
2013-06-25,65.5117,30.5935,54.4409,79.53
2013-06-26,66.1208,30.791,54.6309,79.53
2013-06-27,66.6098,31.1452,54.848,79.5127
2013-06-28,66.2651,31.1111,54.8751,79.5127
2013-07-01,66.8182,31.3563,54.9683,79.53
2013-07-02,66.7461,31.1792,54.9819,79.5127
2013-07-03,66.8422,31.1043,54.9411,79.53
2013-07-05,67.5556,31.2269,54.3292,79.53
2013-07-08,67.9163,31.3631,54.5739,79.4953
2013-07-09,68.3973,31.5742,54.6352,79.4953
2013-07-10,68.4293,31.5879,54.4992,79.4953
2013-07-11,69.4233,32.5413,54.8663,79.4953
2013-07-12,69.4874,32.3302,54.7915,79.4953
2013-07-15,69.7519,32.5277,54.9411,79.4953
2013-07-16,69.4393,32.5413,55.0227,79.4953
2013-07-17,69.6637,32.6912,55.1451,79.4953
2013-07-18,70.0565,32.807,55.0566,79.5127
2013-07-19,70.1607,32.7865,55.1995,79.5127
2013-07-22,70.313,32.9772,55.2334,79.5127
2013-07-23,70.1848,33.1271,55.2198,79.5127
2013-07-24,69.9042,32.9908,55.0431,79.53
2013-07-25,70.1607,33.059,55.0227,79.4953
2013-07-26,70.1687,32.9023,55.0635,79.4953
2013-07-29,69.9282,32.6026,55.0566,79.5127
2013-07-30,70.0004,32.5345,55.0227,79.4953
2013-07-31,70.0725,32.5482,55.0839,79.5127
2013-08-01,70.9623,32.9636,54.8154,79.4953
2013-08-02,70.9943,33.1271,54.9926,79.5127
2013-08-05,71.0023,33.0249,55.013,79.5127
2013-08-06,70.5375,32.9364,54.979,79.5127
2013-08-07,70.2569,32.7048,55.0607,79.4953
2013-08-08,70.5454,33.1407,55.0879,79.4953
2013-08-09,70.3691,33.202,55.1561,79.5127
2013-08-12,70.321,33.1952,55.0539,79.5127
2013-08-13,70.4733,33.4063,54.8631,79.5127
2013-08-14,70.1046,33.3927,54.8359,79.5127
2013-08-15,69.0626,33.1679,54.6383,79.5127
2013-08-16,68.8382,33.1407,54.4952,79.5127
2013-08-19,68.3732,32.8478,54.3386,79.4953
2013-08-20,68.8221,32.7865,54.4952,79.5127
2013-08-21,68.4213,32.3166,54.284,79.5127
2013-08-22,69.0305,32.7457,54.3386,79.4953
2013-08-23,69.3191,32.9432,54.4952,79.5127
2013-08-26,69.1427,32.7457,54.5906,79.4953
2013-08-27,67.9163,32.1736,54.7269,79.4953
2013-08-28,68.1648,32.1531,54.6315,79.4953
2013-08-29,68.3492,32.16,54.686,79.5127
2013-08-30,67.9484,31.9148,54.6111,79.5127
2013-09-03,68.2931,32.4324,54.4888,79.5127
2013-09-04,68.9022,32.7457,54.4206,79.5127
2013-09-05,68.9824,32.807,54.0451,79.5127
2013-09-06,69.0385,33.0113,54.2499,79.5127
2013-09-09,69.816,33.597,54.3864,79.4779
2013-09-10,70.3611,33.9035,54.2704,79.4953
2013-09-11,70.5454,33.9852,54.4206,79.4953
2013-09-12,70.329,33.7536,54.4069,79.4953
2013-09-13,70.4733,33.9035,54.4957,79.5127
2013-09-16,70.8821,34.2168,54.5639,79.4953
2013-09-17,71.2589,34.2168,54.6117,79.4953
2013-09-18,72.0925,35.1975,55.0487,79.5127
2013-09-19,71.9803,34.9387,54.9872,79.5127
2013-09-20,71.4993,34.605,54.9804,79.4953
2013-09-23,71.1763,34.6323,55.0214,79.4953
2013-09-24,71.0636,34.5981,55.1374,79.4953
2013-09-25,70.9347,34.5639,55.2535,79.4953
2013-09-26,71.2085,34.7076,55.1716,79.4953
2013-09-27,70.9266,34.5845,55.1852,79.4953
2013-09-30,70.5964,34.3108,55.2193,79.4953
2013-10-01,71.2085,34.5502,55.1523,79.5127
2013-10-02,71.0878,34.5981,55.2139,79.5127
2013-10-03,70.4837,34.4339,55.2413,79.5127
2013-10-04,70.9991,34.5229,55.1797,79.5127
2013-10-07,70.3629,34.2218,55.2207,79.5127
2013-10-08,69.4285,33.9413,55.2002,79.5127
2013-10-09,69.3802,34.1876,55.166,79.4953
2013-10-10,70.9428,34.7623,55.1797,79.4779
2013-10-11,71.4421,34.8923,55.2002,79.4606
2013-10-14,71.7562,35.036,55.0908,79.4606
2013-10-15,71.2085,34.8308,55.077,79.4606
2013-10-16,72.2073,35.1318,55.3097,79.4779
2013-10-17,72.7389,35.4944,55.5013,79.4779
2013-10-18,73.2544,35.6791,55.5629,79.4953
2013-10-21,73.2141,35.727,55.4944,79.4953
2013-10-22,73.6329,36.0896,55.6723,79.4953
2013-10-23,73.2866,35.6244,55.6997,79.4953
2013-10-24,73.5685,35.8023,55.6997,79.4779
2013-10-25,73.8343,35.7612,55.7613,79.4953
2013-10-28,73.8906,35.7475,55.7133,79.4953
2013-10-29,74.2611,35.8365,55.7544,79.4779
2013-10-30,73.8262,35.7133,55.6928,79.4779
2013-10-31,73.6087,35.5696,55.6928,79.4779
2013-11-01,73.7054,35.3507,55.5427,79.4779
2013-11-04,74.0437,35.5149,55.5769,79.4779
2013-11-05,73.8262,35.1523,55.4123,79.4779
2013-11-06,74.0195,35.4807,55.5084,79.4953
2013-11-07,73.0369,34.8718,55.6181,79.4779
2013-11-08,74.0115,35.0634,55.2547,79.4779
2013-11-11,74.0598,35.0428,55.2067,79.4953
2013-11-12,73.947,34.8786,55.1792,79.4953
2013-11-13,74.5753,35.0155,55.3301,79.4953
2013-11-14,74.9296,35.2139,55.4878,79.4779
2013-11-15,75.2599,35.5833,55.5084,79.4779
2013-11-18,74.9055,35.6517,55.6113,79.4779
2013-11-19,74.688,35.5218,55.5015,79.4779
2013-11-20,74.4544,35.2481,55.3507,79.4779
2013-11-21,75.1229,35.4191,55.3507,79.4953
2013-11-22,75.4934,35.5218,55.4741,79.4779
2013-11-25,75.4129,35.4123,55.5152,79.4779
2013-11-26,75.4854,35.3302,55.5221,79.4779
2013-11-27,75.7029,35.5012,55.5015,79.4953
2013-11-29,75.5982,35.6175,55.529,79.4606
2013-12-02,75.4371,35.296,55.3193,79.4779
2013-12-03,75.1471,35.0634,55.3743,79.4953
2013-12-04,75.0424,34.8786,55.2918,79.4953
2013-12-05,74.825,34.7144,55.1957,79.4953
2013-12-06,75.5982,35.2002,55.2781,79.4953
2013-12-09,75.7673,35.2002,55.3331,79.4953
2013-12-10,75.5176,35.125,55.4499,79.4779
2013-12-11,74.5833,34.8034,55.3537,79.4953
2013-12-12,74.4464,34.516,55.2094,79.4953
2013-12-13,74.4706,34.5434,55.2712,79.4953
2013-12-16,74.9941,34.7829,55.2918,79.4779
2013-12-17,74.7686,34.6323,55.3949,79.4779
2013-12-18,75.9767,35.1318,55.3743,79.4953
2013-12-19,75.872,35.0086,55.2712,79.4953
2013-12-20,76.3773,35.1315,55.3743,79.4779
2013-12-23,76.8307,35.4146,55.3056,79.4779
2013-12-24,77.0412,35.4974,55.1891,79.4779
2013-12-26,77.4056,35.6217,55.1064,79.4779
2013-12-27,77.357,35.8287,55.1064,79.4953
2013-12-30,77.3813,36.0082,55.196,79.4953
2013-12-31,77.6647,36.1601,55.1753,79.4606
2014-01-02,76.9845,35.525,55.2236,79.4606
2014-01-03,76.9683,35.5112,55.2305,79.4779
2014-01-06,76.7659,35.4076,55.2787,79.4606
2014-01-07,77.2598,35.5802,55.3477,79.4779
2014-01-08,77.3165,35.5595,55.1685,79.4779
2014-01-09,77.3813,35.456,55.2718,79.4606
2014-01-10,77.5999,35.8218,55.5407,79.4779
2014-01-13,76.6202,35.5457,55.6164,79.4779
2014-01-14,77.4622,35.8287,55.5337,79.4779
2014-01-15,77.8509,35.9047,55.4993,79.4779
2014-01-16,77.7942,35.9116,55.6234,79.4779
2014-01-17,77.4946,35.7804,55.6854,79.4606
2014-01-21,77.7537,35.9116,55.6854,79.4779
2014-01-22,77.8995,36.022,55.5889,79.4779
2014-01-23,77.2274,35.6424,55.7405,79.4779
2014-01-24,75.5595,34.7173,55.8853,79.4606
2014-01-27,75.0737,34.5033,55.7819,79.4606
2014-01-28,75.6,34.8554,55.8302,79.4606
2014-01-29,74.8227,34.4343,55.9542,79.4779
2014-01-30,75.6971,34.6345,55.9542,79.4779
2014-01-31,75.2032,34.2065,56.03,79.4606
2014-02-03,73.4381,33.5782,56.2103,79.4606
2014-02-04,73.9968,33.882,56.1205,79.4779
2014-02-05,73.8834,33.9579,56.0031,79.4606
2014-02-06,74.7822,34.5723,55.9824,79.4606
2014-02-07,75.7457,34.9382,56.0514,79.4779
2014-02-10,75.8348,34.8139,56.086,79.4606
2014-02-11,76.7011,35.3455,55.9686,79.4606
2014-02-12,76.8064,35.3731,55.8719,79.4779
2014-02-13,77.276,35.4629,56.01,79.4779
2014-02-14,77.6485,35.6907,55.9893,79.4779
2014-02-18,77.8751,35.8426,56.0652,79.4606
2014-02-19,77.357,35.6148,56.0169,79.4779
2014-02-20,77.8751,35.7321,56.01,79.4779
2014-02-21,77.8104,35.8564,56.0514,79.4606
2014-02-24,78.2557,36.098,56.0376,79.4779
2014-02-25,78.2234,36.0497,56.1481,79.4779
2014-02-26,78.3043,35.8702,56.2655,79.4779
2014-02-27,78.7172,36.0428,56.3346,79.4606
2014-02-28,78.863,36.1187,56.2932,79.4779
2014-03-03,78.2881,35.4146,56.4123,79.4779
2014-03-04,79.5188,36.0497,56.2184,79.4606
2014-03-05,79.535,36.0497,56.2945,79.4779
2014-03-06,79.6808,36.4501,56.1561,79.4779
2014-03-07,79.6565,36.167,55.99,79.4606
2014-03-10,79.5998,35.9116,56.0246,79.4606
2014-03-11,79.1545,35.7252,56.0177,79.4606
2014-03-12,79.2112,35.6355,56.1353,79.4606
2014-03-13,78.2962,35.0556,56.3015,79.4606
2014-03-14,78.1991,35.028,56.2669,79.4606
2014-03-17,78.8225,35.4283,56.1907,79.4606
2014-03-18,79.4945,35.6769,56.253,79.4606
2014-03-19,79.0412,35.2144,55.99,79.4779
2014-03-20,79.4379,35.1453,55.9415,79.4606
2014-03-21,79.1464,35.1384,56.1007,79.4779
2014-03-24,78.6848,35.2489,56.1077,79.4779
2014-03-25,78.9638,35.5875,56.0938,79.4779
2014-03-26,78.3051,35.5944,56.2461,79.4606
2014-03-27,78.1424,35.8517,56.3015,79.4606
2014-03-28,78.4921,36.0673,56.1977,79.4606
2014-03-31,79.2647,36.2967,56.1977,79.4606
2014-04-01,79.8827,36.5471,56.1352,79.4606
2014-04-02,80.1348,36.6166,56.0242,79.4606
2014-04-03,79.9153,36.5123,56.0728,79.4779
2014-04-04,78.8174,36.4289,56.2393,79.4606
2014-04-07,77.8741,36.3037,56.3433,79.4606
2014-04-08,78.2156,36.401,56.385,79.4606
2014-04-09,79.1508,36.8252,56.3711,79.4606
2014-04-10,77.4105,36.1994,56.5446,79.4606
2014-04-11,76.6461,36.0673,56.5793,79.4606
2014-04-14,77.1666,36.2203,56.5723,79.4606
2014-04-15,77.6952,35.9838,56.6001,79.4606
2014-04-16,78.5084,36.3524,56.5654,79.4606
2014-04-17,78.6629,36.5471,56.4197,79.4779
2014-04-21,78.9801,36.6444,56.4335,79.4606
2014-04-22,79.3867,36.6722,56.4335,79.4432
2014-04-23,79.1833,36.561,56.5238,79.4606
2014-04-24,79.2891,36.5888,56.5376,79.4606
2014-04-25,78.5165,36.3663,56.5584,79.4606
2014-04-28,78.6304,36.4775,56.496,79.4606
2014-04-29,79.0207,36.6235,56.5238,79.4606
2014-04-30,79.3135,36.7557,56.6486,79.4606
2014-05-01,79.3379,36.8113,56.7863,79.4432
2014-05-02,79.2728,36.86,56.8489,79.4606
2014-05-05,79.4029,36.8252,56.7863,79.4606
2014-05-06,78.6711,36.7974,56.8419,79.4432
2014-05-07,79.037,36.8947,56.8698,79.4432
2014-05-08,78.8255,36.9017,56.8975,79.4432
2014-05-09,79.0207,36.8252,56.828,79.4606
2014-05-12,79.9153,37.1451,56.7724,79.4432
2014-05-13,79.8665,37.1798,56.8767,79.4606
2014-05-14,79.4273,37.2007,57.0227,79.4606
2014-05-15,78.6954,36.9712,57.127,79.4606
2014-05-16,79.0288,37.0894,57.127,79.4606
2014-05-19,79.3948,37.0686,57.1062,79.4606
2014-05-20,78.8012,36.8183,57.1339,79.4606
2014-05-21,79.4111,37.0894,57.0853,79.4432
2014-05-22,79.6794,37.2007,57.0506,79.4432
2014-05-23,80.0942,37.305,57.1062,79.4606
2014-05-27,80.6228,37.444,57.1618,79.4432
2014-05-28,80.5333,37.3676,57.3495,79.4606
2014-05-29,80.9643,37.5692,57.3008,79.4432
2014-05-30,80.9806,37.4649,57.2452,79.4606
2014-06-02,81.0782,37.6318,57.1052,79.4432
2014-06-03,81.0457,37.5692,56.9658,79.4432
2014-06-04,81.2164,37.5623,56.9728,79.4432
2014-06-05,81.8751,37.8126,57.0355,79.4432
2014-06-06,82.298,38.0421,57.0285,79.4432
2014-06-09,82.4362,38.0699,56.9797,79.4606
2014-06-10,82.42,38.0421,56.8682,79.4606
2014-06-11,82.1435,37.903,56.8892,79.4432
2014-06-12,81.558,37.8891,57.0355,79.4606
2014-06-13,81.8263,37.9377,57.0215,79.4432
2014-06-16,81.8914,37.903,57.0076,79.4606
2014-06-17,82.1842,37.8543,56.8752,79.4432
2014-06-18,82.7941,38.2089,57.0215,79.4606
2014-06-19,82.8917,38.2993,56.9728,79.4606
2014-06-20,83.0868,38.2715,57.0076,79.4606
2014-06-23,83.0624,38.195,56.9867,79.4606
2014-06-24,82.4827,37.9729,57.0912,79.4606
2014-06-25,82.8991,37.9869,57.1678,79.4432
2014-06-26,82.8501,38.0291,57.2445,79.4432
2014-06-27,83.0706,38.1275,57.2445,79.4606
2014-06-30,83.1033,38.1697,57.2933,79.4432
2014-07-01,83.6994,38.5002,57.183,79.4606
2014-07-02,83.6504,38.5564,57.0293,79.4606
2014-07-03,84.0913,38.7041,56.9595,79.4432
2014-07-07,83.6504,38.4439,57.0293,79.4606
2014-07-08,83.0134,38.1346,57.1341,79.4606
2014-07-09,83.3727,38.2752,57.1899,79.4432
2014-07-10,83.0053,37.8744,57.2039,79.4432
2014-07-11,83.0788,37.9236,57.2877,79.4432
2014-07-14,83.4789,38.1768,57.2039,79.4432
2014-07-15,83.2666,38.0572,57.162,79.4432
2014-07-16,83.4789,38.2892,57.183,79.4432
2014-07-17,82.5153,37.769,57.3366,79.4432
2014-07-18,83.4054,38.1416,57.3366,79.4258
2014-07-21,83.2094,38.0783,57.3366,79.4432
2014-07-22,83.6341,38.3033,57.4134,79.4258
2014-07-23,83.83,38.3806,57.3854,79.4432
2014-07-24,83.8464,38.4299,57.2738,79.4432
2014-07-25,83.4054,38.2963,57.3785,79.4432
2014-07-28,83.3809,38.3806,57.3645,79.4432
2014-07-29,83.0788,38.233,57.4134,79.4432
2014-07-30,83.1359,38.2049,57.197,79.4432
2014-07-31,81.4456,37.5088,57.1341,79.4258
2014-08-01,81.2415,37.3823,57.3244,79.4432
2014-08-04,81.7967,37.6143,57.4014,79.4432
2014-08-05,81.0781,37.08,57.3244,79.4258
2014-08-06,81.0945,37.0378,57.3874,79.4258
2014-08-07,80.6698,36.7284,57.5133,79.4432
2014-08-08,81.6007,36.9464,57.4714,79.4258
2014-08-11,81.8947,37.1714,57.4993,79.4258
2014-08-12,81.7477,37.1362,57.4504,79.4258
2014-08-13,82.3275,37.3823,57.5554,79.4432
2014-08-14,82.6868,37.5229,57.6113,79.4258
2014-08-15,82.695,37.4877,57.7162,79.4432
2014-08-18,83.438,37.7549,57.5973,79.4258
2014-08-19,83.8545,37.8322,57.5903,79.4432
2014-08-20,84.0505,37.776,57.5064,79.4258
2014-08-21,84.2383,37.8393,57.5693,79.4432
2014-08-22,84.1158,37.6916,57.5693,79.4432
2014-08-25,84.5568,37.9799,57.5903,79.4432
2014-08-26,84.7119,38.015,57.6183,79.4432
2014-08-27,84.6629,38.1486,57.7093,79.4258
2014-08-28,84.5731,37.9307,57.7863,79.4432
2014-08-29,84.8262,37.9447,57.7863,79.4432
2014-09-02,84.8916,37.9447,57.5892,79.4258
2014-09-03,84.8018,38.2822,57.6874,79.4432
2014-09-04,84.6221,38.0502,57.5892,79.4258
2014-09-05,85.014,38.1346,57.5682,79.4432
2014-09-08,84.8426,37.7549,57.5261,79.4258
2014-09-09,84.2465,37.558,57.4279,79.4258
2014-09-10,84.5649,37.6846,57.3227,79.4432
2014-09-11,84.7201,37.4948,57.2806,79.4258
2014-09-12,84.173,37.3049,57.1895,79.4258
2014-09-15,83.9525,37.2346,57.2175,79.4258
2014-09-16,84.5486,37.4737,57.1965,79.4258
2014-09-17,84.6384,37.1995,57.1264,79.4258
2014-09-18,85.0712,37.4174,57.1333,79.4432
2014-09-19,84.9079,37.1995,57.2526,79.4432
2014-09-22,84.124,36.9604,57.3227,79.4432
2014-09-23,83.585,36.7073,57.3507,79.4432
2014-09-24,84.2372,36.9151,57.3157,79.4432
2014-09-25,82.9165,36.3144,57.4559,79.4432
2014-09-26,83.5891,36.5193,57.3998,79.4432
2014-09-29,83.4415,36.1235,57.47,79.4258
2014-09-30,83.0477,36.0458,57.4559,79.4432
2014-10-01,81.9567,35.6076,57.7026,79.4432
2014-10-02,81.9977,35.3602,57.6604,79.4432
2014-10-03,82.9165,35.4097,57.6253,79.4085
2014-10-06,82.7524,35.6782,57.7588,79.4085
2014-10-07,81.4727,35.1694,57.9064,79.4258
2014-10-08,82.8262,35.6641,58.0609,79.4258
2014-10-09,81.12,34.816,57.9696,79.4258
2014-10-10,80.111,34.2364,58.0188,79.4258
2014-10-13,78.8314,34.2788,58.1874,79.4258
2014-10-14,79.0774,34.3424,58.2647,79.4085
2014-10-15,78.6345,34.0456,58.3982,79.4085
2014-10-16,78.8068,33.8548,58.2998,79.4258
2014-10-17,79.6681,34.3212,58.2577,79.4258
2014-10-20,80.4638,34.5615,58.3069,79.4258
2014-10-21,82.0552,34.9149,58.2226,79.4085
2014-10-22,81.4154,34.6534,58.2085,79.4258
2014-10-23,82.3997,34.9291,58.0328,79.4085
2014-10-24,82.9739,35.127,58.082,79.4085
2014-10-27,82.8591,34.9079,58.0609,79.4085
2014-10-28,83.9336,35.4662,58.0258,79.4085
2014-10-29,83.8106,35.233,57.9274,79.4258
2014-10-30,84.3274,35.4592,57.9696,79.4085
2014-10-31,85.3282,36.0175,57.8712,79.4258
2014-11-03,85.3774,35.6924,57.8452,79.4085
2014-11-04,85.0657,35.5086,57.8311,79.4258
2014-11-05,85.4676,35.544,57.9015,79.4085
2014-11-06,85.886,35.2966,57.7677,79.4258
2014-11-07,85.9516,35.3673,57.9649,79.4085
2014-11-10,86.2141,35.4592,57.8452,79.4258
2014-11-11,86.2962,35.6288,57.8733,79.4258
2014-11-12,86.2798,35.4309,57.8663,79.4258
2014-11-13,86.2633,35.5016,57.9086,79.4085
2014-11-14,86.2715,35.6217,57.9227,79.4085
2014-11-17,86.2633,35.4309,57.9227,79.4258
2014-11-18,86.7719,35.7701,58.0071,79.4085
2014-11-19,86.5504,35.6994,57.8593,79.4085
2014-11-20,86.7965,35.5793,57.9296,79.4085
2014-11-21,87.2559,36.0104,58.0564,79.4085
2014-11-24,87.5758,36.0104,58.0635,79.4258
2014-11-25,87.5594,36.0882,58.1691,79.4258
2014-11-26,87.7563,36.2719,58.2536,79.4085
2014-11-28,87.4446,35.8337,58.3522,79.4258
2014-12-01,86.7063,35.6712,58.2647,79.4085
2014-12-02,87.2477,35.7489,58.1377,79.4085
2014-12-03,87.6414,35.7984,58.1236,79.4085
2014-12-04,87.5348,35.6924,58.2224,79.4085
2014-12-05,87.7317,35.7207,58.053,79.4258
2014-12-08,87.1082,35.2966,58.1729,79.4258
2014-12-09,87.1575,35.0987,58.1941,79.4085
2014-12-10,85.7301,34.6252,58.3493,79.4085
2014-12-11,86.1239,34.5403,58.2929,79.4085
2014-12-12,84.7703,33.9113,58.4904,79.4258
2014-12-15,84.1551,33.4095,58.3846,79.3912
2014-12-16,83.5317,33.572,58.5187,79.3912
2014-12-17,85.32,34.0244,58.3776,79.3912
2014-12-18,87.338,34.5898,58.2858,79.4085
2014-12-19,87.6989,34.6252,58.4128,79.3912
2014-12-22,88.046,34.8033,58.3846,79.3912
2014-12-23,88.2439,34.6893,58.1302,79.3912
2014-12-24,88.2687,34.7962,58.1514,79.4085
2014-12-26,88.5326,35.067,58.201,79.3912
2014-12-29,88.7222,34.8389,58.3003,79.3912
2014-12-30,88.2852,34.5539,58.3428,79.3912
2014-12-31,87.4111,34.447,58.3853,79.4085
2015-01-02,87.3451,34.3544,58.5838,79.3912
2015-01-05,85.8443,33.599,58.7539,79.4085
2015-01-06,85.0032,33.3425,58.924,79.3912
2015-01-07,86.0174,33.7344,58.9594,79.3912
2015-01-08,87.5348,34.162,58.8673,79.3912
2015-01-09,86.8091,34.0194,58.9665,79.3912
2015-01-12,86.1906,33.884,59.0445,79.3912
2015-01-13,85.9927,34.0622,59.1012,79.3912
2015-01-14,85.5227,33.9197,59.2359,79.3912
2015-01-15,84.6568,34.162,59.4982,79.3912
2015-01-16,85.7783,34.4969,59.321,79.3912
2015-01-20,85.902,34.5397,59.2572,79.3912
2015-01-21,86.2896,34.8674,59.1438,79.4085
2015-01-22,87.6007,35.1026,59.1579,79.3912
2015-01-23,87.2049,34.8603,59.3493,79.4085
2015-01-26,87.5677,35.2309,59.2785,79.4085
2015-01-27,86.5452,35.1952,59.3139,79.4085
2015-01-28,85.3742,34.7392,59.5265,79.3912
2015-01-29,86.1906,35.0741,59.4627,79.3912
2015-01-30,85.0197,34.5397,59.7888,79.3912
2015-02-02,85.9762,35.0527,59.7178,79.3912
2015-02-03,87.2956,35.5943,59.5331,79.4085
2015-02-04,86.9905,35.3092,59.5544,79.3912
2015-02-05,87.9471,35.7154,59.4266,79.3912
2015-02-06,87.6832,35.2309,59.043,79.3912
2015-02-09,87.2462,35.1525,59.0217,79.3738
2015-02-10,88.1367,35.3306,58.9151,79.3912
2015-02-11,88.178,35.1596,58.9151,79.3738
2015-02-12,89.0273,35.7297,58.9436,79.3738
2015-02-13,89.4479,35.9648,58.8087,79.3912
2015-02-17,89.5881,36.0789,58.5742,79.3912
2015-02-18,89.6376,36.2214,58.7376,79.3912
2015-02-19,89.6128,36.1786,58.6879,79.3912
2015-02-20,90.1159,36.4494,58.7021,79.3738
2015-02-23,90.1076,36.2998,58.8229,79.3912
2015-02-24,90.3138,36.5278,59.0643,79.3738
2015-02-25,90.2808,36.6062,59.1211,79.3912
2015-02-26,90.2231,36.542,58.9578,79.3738
2015-02-27,89.9014,36.5349,59.0075,79.3912
2015-03-02,90.4539,36.5349,58.8168,79.3738
2015-03-03,90.0829,36.3496,58.7456,79.3912
2015-03-04,89.72,36.1715,58.7456,79.3912
2015-03-05,89.8602,36.1929,58.7812,79.3912
2015-03-06,88.615,35.6941,58.4396,79.3738
2015-03-09,88.9449,35.7154,58.5108,79.3912
2015-03-10,87.5925,34.9672,58.7385,79.3912
2015-03-11,87.5265,35.0598,58.8026,79.3912
2015-03-12,88.6233,35.4447,58.8452,79.3738
2015-03-13,88.1285,35.2024,58.7883,79.3912
2015-03-16,89.2335,35.5729,58.9022,79.3912
2015-03-17,89.0603,35.5587,58.952,79.3912
2015-03-18,90.0829,36.314,59.3149,79.3912
2015-03-19,89.7613,35.8722,59.137,79.3912
2015-03-20,90.5117,36.5777,59.2936,79.3912
2015-03-23,90.355,36.7487,59.3221,79.3738
2015-03-24,89.8767,36.7629,59.4216,79.3912
2015-03-25,88.4749,36.397,59.3292,79.3738
2015-03-26,88.3009,36.1897,59.137,79.3738
2015-03-27,88.5412,36.2183,59.194,79.3738
2015-03-30,89.6679,36.3684,59.2651,79.3564
2015-03-31,88.856,35.9896,59.3292,79.3912
2015-04-01,88.6903,36.2755,59.5653,79.3564
2015-04-02,88.972,36.6043,59.4868,79.3738
2015-04-06,89.5851,37.0188,59.5367,79.3738
2015-04-07,89.2868,36.9974,59.5724,79.3912
2015-04-08,89.6679,37.269,59.5296,79.3912
2015-04-09,89.9828,37.412,59.4012,79.3738
2015-04-10,90.4053,37.4549,59.3727,79.3738
2015-04-13,90.0491,37.2476,59.387,79.3564
2015-04-14,90.1816,37.5335,59.494,79.3738
2015-04-15,90.6373,37.7551,59.551,79.3564
2015-04-16,90.5959,37.898,59.5367,79.3738
2015-04-17,89.5437,37.3905,59.6366,79.3564
2015-04-20,90.2727,37.412,59.5724,79.3564
2015-04-21,90.2479,37.6907,59.5011,79.3738
2015-04-22,90.629,37.798,59.28,79.3564
2015-04-23,90.9107,37.991,59.3941,79.3564
2015-04-24,91.0101,38.1554,59.4868,79.3564
2015-04-27,90.5379,38.3555,59.444,79.3738
2015-04-28,90.7781,38.3984,59.2585,79.3738
2015-04-29,90.3804,38.1053,59.0731,79.3738
2015-04-30,89.4028,37.7193,59.1373,79.3738
2015-05-01,90.223,38.0124,58.9579,79.3564
2015-05-04,90.5379,38.0839,58.8722,79.3738
2015-05-05,89.4608,37.5621,58.7792,79.3738
2015-05-06,89.2123,37.5406,58.6149,79.3738
2015-05-07,89.5519,37.3905,58.7364,79.3564
2015-05-08,90.6787,38.1268,58.8936,79.3738
2015-05-11,90.2976,37.8194,58.5863,79.3564
2015-05-12,90.0325,37.7908,58.5149,79.3738
2015-05-13,90.0822,37.9981,58.4862,79.3738
2015-05-14,90.977,38.4484,58.6006,79.3564
2015-05-15,91.0847,38.5556,58.8364,79.3564
2015-05-18,91.4243,38.3698,58.622,79.3564
2015-05-19,91.3829,38.2626,58.4934,79.3564
2015-05-20,91.3249,38.3126,58.4934,79.3564
2015-05-21,91.5569,38.4699,58.6792,79.3738
2015-05-22,91.3829,38.2912,58.6435,79.3738
2015-05-26,90.4302,37.6407,58.7864,79.3738
2015-05-27,91.2587,37.9266,58.815,79.3738
2015-05-28,91.1758,37.7479,58.8222,79.3564
2015-05-29,90.5627,37.3762,58.8436,79.3564
2015-06-01,90.7864,37.2619,58.6474,79.3564
2015-06-02,90.7201,37.4692,58.4827,79.3738
2015-06-03,91.035,37.5907,58.2249,79.3738
2015-06-04,90.3059,37.1475,58.3681,79.3564
2015-06-05,90.2313,36.8258,58.139,79.3564
2015-06-08,89.6762,36.7472,58.2105,79.3391
2015-06-09,89.6016,36.5757,58.0387,79.3391
2015-06-10,90.6953,37.2547,57.9169,79.3564
2015-06-11,90.9521,37.3048,58.1891,79.3738
2015-06-12,90.3556,37.0617,58.1461,79.3564
2015-06-15,89.9414,36.8116,58.1533,79.3738
2015-06-16,90.4384,36.8187,58.3037,79.3391
2015-06-17,90.5876,36.7901,58.3251,79.3738
2015-06-18,91.4823,37.1261,58.2821,79.3391
2015-06-19,91.0847,36.9545,58.4469,79.3391
2015-06-22,91.6398,37.5907,58.1676,79.3564
2015-06-23,91.7309,37.7408,58.0315,79.3391
2015-06-24,91.035,37.4477,58.139,79.3391
2015-06-25,90.7533,37.4048,58.0602,79.3564
2015-06-26,90.7017,37.3738,57.9528,79.3391
2015-06-29,88.8046,36.3408,58.2463,79.3564
2015-06-30,89.0459,36.3553,58.1891,79.3564
2015-07-01,89.6283,36.5358,58.0478,79.3564
2015-07-02,89.5118,36.6225,58.1912,79.3564
2015-07-06,89.2789,35.8496,58.3921,79.3564
2015-07-07,89.7698,35.7413,58.4495,79.3391
2015-07-08,88.2721,34.795,58.6145,79.3391
2015-07-09,88.4551,35.3368,58.4208,79.3391
2015-07-10,89.5285,36.3119,58.1482,79.3391
2015-07-13,90.5436,36.4708,58.0118,79.3391
2015-07-14,90.9513,36.7164,58.1195,79.3564
2015-07-15,90.8348,36.4997,58.2845,79.3391
2015-07-16,91.4672,36.7742,58.2845,79.3391
2015-07-17,91.4921,36.702,58.2917,79.3564
2015-07-20,91.5005,36.7381,58.2127,79.3391
2015-07-21,91.1011,36.6731,58.3204,79.3564
2015-07-22,90.9679,36.348,58.3419,79.3391
2015-07-23,90.4437,36.218,58.4782,79.3391
2015-07-24,89.4952,35.763,58.5141,79.3564
2015-07-27,88.9045,35.4668,58.6289,79.3391
2015-07-28,89.9612,35.8785,58.5285,79.3391
2015-07-29,90.5769,36.0158,58.4782,79.3564
2015-07-30,90.6518,35.958,58.4998,79.3564
2015-07-31,90.5602,36.153,58.7007,79.3564
2015-08-03,90.2358,35.958,58.8366,79.3564
2015-08-04,90.086,35.9796,58.6353,79.3391
2015-08-05,90.3855,36.1891,58.5418,79.3391
2015-08-06,89.645,36.0013,58.5777,79.3391
2015-08-07,89.3871,35.9724,58.7,79.3391
2015-08-10,90.502,36.4347,58.5777,79.3564
2015-08-11,89.6866,35.8135,58.8006,79.3391
2015-08-12,89.7781,35.5824,58.779,79.3391
2015-08-13,89.6533,35.4885,58.6568,79.3391
2015-08-14,89.9944,35.5246,58.6353,79.3217
2015-08-17,90.5686,35.4596,58.7431,79.3217
2015-08-18,90.3356,35.1851,58.6353,79.3391
2015-08-19,89.5285,34.8311,58.8438,79.3564
2015-08-20,87.5815,34.051,58.894,79.3391
2015-08-21,85.0604,33.2348,58.9875,79.3391
2015-08-24,81.6407,32.0285,58.9732,79.3391
2015-08-25,80.6672,32.2741,58.779,79.3391
2015-08-26,83.596,33.1192,58.5274,79.3564
2015-08-27,85.6179,33.7404,58.6064,79.3391
2015-08-28,85.6844,33.7115,58.6353,79.3564
2015-08-31,85.0438,33.4659,58.5562,79.3564
2015-09-01,82.5476,32.3463,58.6988,79.3564
2015-09-02,84.1035,32.823,58.6555,79.3391
2015-09-03,84.2033,32.8592,58.6988,79.3564
2015-09-04,83.0052,32.0646,58.8429,79.3391
2015-09-08,85.102,33.0036,58.6988,79.3391
2015-09-09,83.9371,32.8664,58.6844,79.3391
2015-09-10,84.3698,33.0759,58.5619,79.3217
2015-09-11,84.7525,33.0614,58.6844,79.3391
2015-09-14,84.428,32.8953,58.6988,79.3391
2015-09-15,85.4931,33.112,58.4538,79.3217
2015-09-16,86.2169,33.6682,58.4178,79.3217
2015-09-17,86.1005,33.6971,58.7493,79.3217
2015-09-18,84.7359,32.9097,58.9149,79.3217
2015-09-21,85.077,32.9386,58.6988,79.3391
2015-09-22,83.9371,32.1657,58.8069,79.3391
2015-09-23,83.7707,31.9707,58.8069,79.3217
2015-09-24,83.4712,31.8768,58.8285,79.3217
2015-09-25,83.3022,32.0902,58.7204,79.3217
2015-09-28,81.0694,31.4078,58.8717,79.3391
2015-09-29,81.0526,31.4731,58.9149,79.3391
2015-09-30,82.5579,32.1774,59.0302,79.3217
2015-10-01,82.7252,32.25,59.062,79.3391
2015-10-02,83.9295,32.8961,59.2858,79.3391
2015-10-05,85.4766,33.5713,59.0548,79.3217
2015-10-06,85.2006,33.5641,59.1342,79.3217
2015-10-07,85.97,34.1231,59.1342,79.3217
2015-10-08,86.7143,34.3627,59.0403,79.3217
2015-10-09,86.8314,34.4571,59.0331,79.3217
2015-10-12,86.8481,34.2247,59.1342,79.3217
2015-10-13,86.2125,33.7456,59.1703,79.3217
2015-10-14,85.7693,33.9343,59.3869,79.3217
2015-10-15,87.0655,34.5369,59.2714,79.3217
2015-10-16,87.4,34.5224,59.2497,79.3217
2015-10-19,87.5004,34.2901,59.2497,79.3217
2015-10-20,87.4,34.2683,59.1558,79.3043
2015-10-21,86.7143,34.1086,59.2641,79.3217
2015-10-22,87.9854,34.6168,59.3652,79.3217
2015-10-23,88.9053,34.8709,59.2136,79.3217
2015-10-26,88.6963,34.6821,59.2786,79.3043
2015-10-27,88.4036,34.3627,59.293,79.3043
2015-10-28,89.566,34.5442,59.127,79.3043
2015-10-29,89.4322,34.2393,58.9176,79.3043
2015-10-30,89.0893,34.1884,59.0476,79.3043
2015-11-02,90.2601,34.5587,58.9311,79.3043
2015-11-03,90.4859,34.6821,58.8299,79.3217
2015-11-04,90.2685,34.4788,58.866,79.3043
2015-11-05,90.1681,34.3409,58.7575,79.3043
2015-11-06,90.1849,34.1376,58.526,79.3043
2015-11-09,89.2817,33.7746,58.4753,79.3217
2015-11-10,89.4824,33.6875,58.5404,79.3043
2015-11-11,89.0977,33.7964,58.5477,79.3217
2015-11-12,87.768,33.4261,58.5549,79.3217
2015-11-13,86.8397,33.0994,58.6634,79.3043
2015-11-16,88.1025,33.5568,58.6634,79.3217
2015-11-17,87.9938,33.6294,58.7285,79.3043
2015-11-18,89.3987,33.9416,58.6996,79.3043
2015-11-19,89.2817,34.1158,58.7792,79.3217
2015-11-20,89.6664,34.1158,58.7647,79.3043
2015-11-23,89.5744,33.8036,58.7864,79.3217
2015-11-24,89.8085,33.869,58.8081,79.3043
2015-11-25,89.8754,33.869,58.8153,79.3043
2015-11-27,90.0093,33.7238,58.8443,79.3217
2015-11-30,89.6245,33.7383,58.8153,79.3217
2015-12-01,90.4692,34.0868,59.0379,79.3043
2015-12-02,89.5242,33.7165,58.9654,79.3043
2015-12-03,88.1861,33.5641,58.5087,79.3217
2015-12-04,89.8085,33.8399,58.7407,79.3217
2015-12-07,89.1061,33.4915,58.8422,79.3217
2015-12-08,88.5708,32.9905,58.8567,79.3043
2015-12-09,87.8098,32.8961,58.8349,79.287
2015-12-10,88.0691,32.8453,58.8277,79.3043
2015-12-11,86.338,32.1556,58.9871,79.3217
2015-12-14,86.6474,32.2717,58.7117,79.3217
2015-12-15,87.5757,32.5258,58.6465,79.3043
2015-12-16,88.8468,33.1865,58.5812,79.3217
2015-12-17,87.5422,32.7146,58.7044,79.3043
2015-12-18,86.0536,32.475,58.8349,79.3217
2015-12-21,86.7374,32.6997,58.7697,79.3043
2015-12-22,87.5196,32.9192,58.6899,79.3043
2015-12-23,88.6129,33.4753,58.6972,79.3043
2015-12-24,88.5036,33.4167,58.7408,79.3217
2015-12-28,88.3101,33.2923,58.7408,79.3043
2015-12-29,89.2521,33.585,58.5591,79.3043
2015-12-30,88.5793,33.3143,58.5954,79.3217
2015-12-31,87.7214,33.007,58.7117,79.3043
2016-01-04,86.4094,32.4362,58.6827,79.3217
2016-01-05,86.6028,32.3777,58.7553,79.3217
2016-01-06,85.4422,31.8289,59.0171,79.287
2016-01-07,83.348,31.1704,59.0243,79.3043
2016-01-08,82.3976,30.8046,59.097,79.3043
2016-01-11,82.3471,30.8704,58.8499,79.3043
2016-01-12,82.9106,30.9436,59.0025,79.3217
2016-01-13,80.7743,30.5192,59.1479,79.3043
2016-01-14,82.0107,30.9289,59.0752,79.287
2016-01-15,80.2865,29.7363,59.177,79.287
2016-01-19,80.2024,30.0875,59.1043,79.3043
2016-01-20,79.4118,29.3485,59.1697,79.3043
2016-01-21,79.723,29.5972,59.1334,79.3217
2016-01-22,81.422,30.4826,59.1116,79.287
2016-01-25,80.0847,29.9704,59.1116,79.3043
2016-01-26,81.3042,30.5485,59.1988,79.287
2016-01-27,80.3791,30.4021,59.1988,79.3043
2016-01-28,80.6986,30.5997,59.2424,79.3043
2016-01-29,82.7004,31.207,59.4169,79.3217
2016-02-01,82.7172,31.0753,59.296,79.287
2016-02-02,81.1192,30.3655,59.5,79.287
2016-02-03,81.607,30.7533,59.5437,79.3043
2016-02-04,81.8004,30.8997,59.5874,79.3217
2016-02-05,80.1183,30.4826,59.5291,79.3217
2016-02-08,78.8736,29.9411,59.7841,79.3043
2016-02-09,78.7727,29.5314,59.7768,79.3217
2016-02-10,78.8231,29.5241,59.9007,79.3043
2016-02-11,77.8475,29.0704,59.9371,79.3217
2016-02-12,79.3614,29.5533,59.7404,79.3043
2016-02-16,80.808,30.168,59.653,79.3043
2016-02-17,82.1453,30.7533,59.6384,79.3043
2016-02-18,81.8172,30.6216,59.8424,79.3217
2016-02-19,81.8341,30.5119,59.7622,79.3217
2016-02-22,83.0284,30.8558,59.7768,79.3217
2016-02-23,82.0275,30.3948,59.8133,79.3043
2016-02-24,82.448,30.3216,59.857,79.3217
2016-02-25,83.4237,30.6363,59.9443,79.3043
2016-02-26,83.3564,30.5485,59.8861,79.3043
2016-02-29,82.6919,30.4387,59.9226,79.3217
2016-03-01,84.66,31.3021,59.7218,79.3217
2016-03-02,85.131,31.6021,59.6853,79.3043
2016-03-03,85.5515,31.9387,59.7145,79.3217
2016-03-04,85.8459,32.2753,59.6853,79.3217
2016-03-07,86.0225,32.2314,59.6706,79.3217
2016-03-08,84.9544,31.785,59.8678,79.3043
2016-03-09,85.3665,32.0119,59.7656,79.3217
2016-03-10,85.3413,31.9533,59.7364,79.3217
2016-03-11,86.7879,32.7728,59.6561,79.3043
2016-03-14,86.6869,32.5972,59.7875,79.3043
2016-03-15,86.3912,32.2397,59.7291,79.3043
2016-03-16,86.932,32.6801,59.9626,79.3217
2016-03-17,87.5995,33.0325,60.0941,79.3043
2016-03-18,87.9882,32.9811,60.1452,79.3043
2016-03-21,88.0727,33.0178,60.0357,79.3217
2016-03-22,88.0473,32.9518,60.0211,79.3217
2016-03-23,87.3291,32.526,60.1525,79.3043
2016-03-24,87.3038,32.3499,60.0795,79.3217
2016-03-28,87.3629,32.5627,60.1087,79.3217
2016-03-29,88.3346,32.9004,60.3569,79.3217
2016-03-30,88.6726,33.2307,60.335,79.3217
2016-03-31,88.5712,32.9738,60.4518,79.3217
2016-04-01,89.1289,32.6435,60.5198,79.3217
2016-04-04,88.7571,32.504,60.5198,79.3217
2016-04-05,87.8953,31.9388,60.6295,79.3391
2016-04-06,88.8585,32.4306,60.6003,79.3391
2016-04-07,87.7938,31.9314,60.7978,79.3217
2016-04-08,88.0473,32.5847,60.7466,79.3391
2016-04-11,87.8023,32.6435,60.7393,79.3217
2016-04-12,88.6557,33.1867,60.6442,79.3217
2016-04-13,89.6951,33.6785,60.6808,79.3391
2016-04-14,89.6613,33.6418,60.6295,79.3391
2016-04-15,89.619,33.561,60.7685,79.3217
2016-04-18,90.219,33.8179,60.7466,79.3391
2016-04-19,90.4725,34.4346,60.7832,79.3391
2016-04-20,90.5654,34.3611,60.6149,79.3391
2016-04-21,90.1176,34.1409,60.5417,79.3217
2016-04-22,90.2443,34.1189,60.5198,79.3391
2016-04-25,90.0246,33.9501,60.4466,79.3217
2016-04-26,90.2696,34.0896,60.3589,79.3391
2016-04-27,90.4893,34.1923,60.5417,79.3391
2016-04-28,89.6782,33.7959,60.6515,79.3391
2016-04-29,89.1543,33.6858,60.6954,79.3564
2016-05-02,89.8472,33.906,60.5883,79.3391
2016-05-03,88.943,33.2234,60.7569,79.3564
2016-05-04,88.4191,32.8416,60.7789,79.3391
2016-05-05,88.3853,32.7976,60.8889,79.3391
2016-05-06,88.7065,32.8857,60.8596,79.3564
2016-05-09,88.7994,32.7095,60.9036,79.3564
2016-05-10,89.8556,33.2454,60.9036,79.3564
2016-05-11,89.036,33.0252,60.9182,79.3217
2016-05-12,89.0022,33.0252,60.9255,79.3217
2016-05-13,88.2333,32.5774,60.9915,79.3217
2016-05-16,89.112,33.0545,60.8596,79.3217
2016-05-17,88.3093,32.805,60.8156,79.3217
2016-05-18,88.3008,32.7536,60.5297,79.3391
2016-05-19,87.9544,32.504,60.5957,79.3217
2016-05-20,88.6304,32.7682,60.5957,79.3391
2016-05-23,88.5205,32.6508,60.6104,79.3564
2016-05-24,89.7035,33.0912,60.581,79.3217
2016-05-25,90.3541,33.4362,60.559,79.3391
2016-05-26,90.3372,33.517,60.6617,79.3391
2016-05-27,90.7428,33.4436,60.6397,79.3564
2016-05-31,90.7006,33.3555,60.691,79.3564
2016-06-01,90.9457,33.3628,60.7123,79.3564
2016-06-02,91.2498,33.4289,60.8298,79.3391
2016-06-03,90.9963,33.7299,61.2117,79.3564
2016-06-06,91.4695,33.9794,61.1162,79.3738
2016-06-07,91.647,34.2657,61.1236,79.3738
2016-06-08,91.9681,34.3905,61.197,79.3738
2016-06-09,91.7822,33.9354,61.2558,79.3391
2016-06-10,90.8358,33.0252,61.3145,79.3391
2016-06-13,90.0838,32.5554,61.3293,79.3391
2016-06-14,89.9217,32.1667,61.3219,79.3391
2016-06-15,89.8283,32.4194,61.4614,79.3391
2016-06-16,90.0914,32.3897,61.5275,79.3564
2016-06-17,89.7944,32.6349,61.4394,79.3391
2016-06-20,90.4054,33.3854,61.2999,79.3564
2016-06-21,90.6006,33.6083,61.2191,79.3564
2016-06-22,90.3969,33.6008,61.2411,79.3564
2016-06-23,91.6446,34.4851,61.131,79.3564
2016-06-24,88.3091,31.8175,61.4761,79.3391
2016-06-27,86.5523,31.2454,61.7847,79.3391
2016-06-28,88.1394,32.0256,61.8581,79.3391
2016-06-29,89.718,32.6572,61.836,79.3391
2016-06-30,90.9486,33.051,61.9168,79.3391
2016-07-01,91.1268,33.1402,62.089,79.3738
2016-07-05,90.4479,32.568,62.3025,79.3738
2016-07-06,90.9995,32.5011,62.4128,79.3564
2016-07-07,90.9571,32.3674,62.3098,79.3738
2016-07-08,92.3745,32.9247,62.4717,79.3564
2016-07-11,92.7564,33.3259,62.2877,79.3738
2016-07-12,93.5287,33.7866,62.0375,79.3391
2016-07-13,93.4778,33.7792,62.1479,79.3564
2016-07-14,93.9276,34.069,62.0522,79.3738
2016-07-15,93.8258,33.9278,61.8535,79.3564
2016-07-18,94.0889,34.0467,61.8756,79.3564
2016-07-19,93.9021,33.7346,61.9713,79.3738
2016-07-20,94.4029,34.0021,61.9051,79.3738
2016-07-21,94.0295,33.9724,61.9786,79.3738
2016-07-22,94.4793,34.0244,61.986,79.3738
2016-07-25,94.2332,33.9129,61.9492,79.3564
2016-07-26,94.335,34.0541,61.9418,79.3564
2016-07-27,94.2246,34.2176,62.1258,79.3738
2016-07-28,94.3435,34.2102,62.089,79.3564
2016-07-29,94.5642,34.5445,62.2877,79.3738
2016-08-01,94.4368,34.381,62.0923,79.3564
2016-08-02,93.7239,34.2473,62.0334,79.3738
2016-08-03,94.0719,34.1879,62.0334,79.3564
2016-08-04,94.1822,34.3736,62.144,79.3564
2016-08-05,94.9631,34.5297,61.9375,79.3564
2016-08-08,94.9036,34.656,61.9448,79.3564
2016-08-09,94.9885,34.9235,62.1218,79.3564
2016-08-10,94.7084,34.9903,62.2029,79.3564
2016-08-11,95.1837,35.2727,62.0407,79.3564
2016-08-12,95.0904,35.1464,62.1808,79.3564
2016-08-15,95.4383,35.3619,62.0776,79.3564
2016-08-16,94.8952,35.2356,62.0481,79.3564
2016-08-17,95.014,35.2356,62.144,79.3564
2016-08-18,95.311,35.4213,62.2103,79.3738
2016-08-19,95.1752,35.1835,62.085,79.3564
2016-08-22,95.2007,35.139,62.1734,79.3564
2016-08-23,95.4553,35.243,62.2029,79.3564
2016-08-24,94.9206,35.1612,62.1956,79.3738
2016-08-25,94.8612,35.0944,62.1292,79.3564
2016-08-26,94.666,34.8417,61.9744,79.3564
2016-08-29,95.1837,34.9755,62.1881,79.3738
2016-08-30,95.0309,34.8789,62.1366,79.3738
2016-08-31,94.7594,34.7006,62.0923,79.3738
2016-09-01,94.8103,34.9235,62.1781,79.3738
2016-09-02,95.294,35.3247,62.0894,79.3912
2016-09-06,95.5656,35.6888,62.2741,79.3912
2016-09-07,95.6929,35.7334,62.2814,79.3738
2016-09-08,95.4468,35.6814,62.045,79.3738
2016-09-09,93.0704,34.8863,61.7717,79.3912
2016-09-12,94.3689,35.1761,61.7938,79.3564
2016-09-13,92.8927,34.3122,61.6166,79.3738
2016-09-14,92.9012,34.342,61.6978,79.3738
2016-09-15,93.8564,34.6784,61.7495,79.3738
2016-09-16,93.4811,34.3122,61.8012,79.3738
2016-09-19,93.6175,34.5438,61.7569,79.3738
2016-09-20,93.575,34.6485,61.7717,79.3738
2016-09-21,94.6495,35.3286,61.949,79.3738
2016-09-22,95.3403,35.6798,62.0746,79.3912
2016-09-23,94.7945,35.3062,62.0598,79.3912
2016-09-26,94.044,34.9773,62.1632,79.3912
2016-09-27,94.5813,35.1941,62.2371,79.3738
2016-09-28,95.1357,35.5005,62.2371,79.3738
2016-09-29,94.2061,35.0969,62.2445,79.3738
2016-09-30,94.948,35.2837,62.1632,79.3912
2016-10-03,94.6581,35.2613,62.0974,79.3738
2016-10-04,94.2316,35.1343,61.8901,79.3912
2016-10-05,94.5984,35.3884,61.7865,79.3912
2016-10-06,94.6325,35.2389,61.7643,79.3912
2016-10-07,94.2743,35.0147,61.816,79.3912
2016-10-10,94.786,35.1716,61.7494,79.3912
2016-10-11,93.5238,34.6186,61.6532,79.3738
2016-10-12,93.6346,34.5737,61.6903,79.3912
2016-10-13,93.302,34.4317,61.7643,79.3738
2016-10-14,93.2765,34.4915,61.6384,79.3738
2016-10-17,93.0121,34.4243,61.7717,79.3738
2016-10-18,93.5579,34.8353,61.8531,79.3738
2016-10-19,93.8564,34.9549,61.8975,79.3912
2016-10-20,93.6773,34.9399,61.8605,79.3738
2016-10-21,93.6432,34.8951,61.9123,79.3738
2016-10-24,94.1122,34.9325,61.8235,79.3738
2016-10-25,93.7114,34.8951,61.8235,79.3738
2016-10-26,93.43,34.7008,61.7124,79.3912
2016-10-27,93.1144,34.6186,61.5422,79.3738
2016-10-28,92.8074,34.5812,61.5126,79.3912
2016-10-31,92.8671,34.6111,61.5792,79.4085
2016-11-01,92.1763,34.4766,61.5592,79.3912
2016-11-02,91.5366,34.1851,61.6185,79.4085
2016-11-03,91.1358,34.1552,61.5814,79.3912
2016-11-04,91.0761,33.8264,61.6927,79.4085
2016-11-07,93.0888,34.4691,61.6111,79.3912
2016-11-08,93.4896,34.5812,61.4999,79.4085
2016-11-09,94.6495,34.3495,60.8917,79.3738
2016-11-10,94.9822,34.1253,60.6321,79.3738
2016-11-11,95.0163,33.774,60.5208,79.3391
2016-11-14,95.2636,33.5648,60.2909,79.3738
2016-11-15,96.0056,33.8936,60.3725,79.3912
2016-11-16,95.8691,33.5423,60.4986,79.3912
2016-11-17,96.3552,33.7516,60.2538,79.4085
2016-11-18,96.1761,33.4676,60.1055,79.3912
2016-11-21,96.9011,33.7666,60.0981,79.3738
2016-11-22,97.1825,33.931,60.15,79.3738
2016-11-23,97.319,33.774,59.9942,79.3738
2016-11-25,97.6942,33.9086,60.0165,79.3912
2016-11-28,97.1314,33.7815,60.1574,79.3738
2016-11-29,97.2678,33.9459,60.2019,79.3738
2016-11-30,97.0376,33.916,59.9942,79.3738
2016-12-01,96.6367,33.8264,59.7713,79.4102
2016-12-02,96.6367,33.916,59.9868,79.3929
2016-12-05,97.3104,34.1851,60.0611,79.3929
2016-12-06,97.8051,34.3645,60.0537,79.4102
2016-12-07,99.0161,34.8577,60.1949,79.4102
2016-12-08,99.3743,34.8802,60.076,79.4102
2016-12-09,99.9116,34.9848,59.8977,79.4102
2016-12-12,99.6558,34.783,59.8308,79.3929
2016-12-13,100.2357,35.1268,59.8977,79.4102
2016-12-14,99.3317,34.4915,59.593,79.4102
2016-12-15,99.7411,34.4691,59.5038,79.4102
2016-12-16,99.5875,34.4018,59.5558,79.3929
2016-12-19,99.869,34.3645,59.7118,79.4102
2016-12-20,100.2955,34.47,59.7193,79.3929
2016-12-21,100.0123,34.4172,59.8085,79.4102
2016-12-22,99.7548,34.2514,59.7675,79.3929
2016-12-23,99.9093,34.3494,59.7973,79.3929
2016-12-27,100.1582,34.3569,59.7526,79.4102
2016-12-28,99.3258,34.3343,59.9016,79.4085
2016-12-29,99.3343,34.5228,60.0655,79.4259
2016-12-30,98.9653,34.5831,60.1922,79.3911
2017-01-03,99.7205,34.8318,60.1996,79.4259
2017-01-04,100.4843,35.2162,60.2443,79.4259
2017-01-05,100.2869,35.48,60.5498,79.4085
2017-01-06,100.6045,35.4047,60.3113,79.4259
2017-01-09,100.2183,35.3368,60.4604,79.4259
2017-01-10,100.2955,35.3971,60.4455,79.4085
2017-01-11,100.613,35.661,60.4753,79.4259
2017-01-12,100.347,35.7137,60.4902,79.4259
2017-01-13,100.5959,35.8193,60.3933,79.4259
2017-01-17,100.1496,35.7288,60.5796,79.4259
2017-01-18,100.3813,35.5403,60.2666,79.4085
2017-01-19,99.9865,35.5102,60.1624,79.4085
2017-01-20,100.3299,35.6534,60.2071,79.4259
2017-01-23,100.0638,35.8193,60.371,79.4085
2017-01-24,100.8447,35.9625,60.2816,79.4085
2017-01-25,101.7115,36.3393,60.1027,79.4259
2017-01-26,101.5656,36.2263,60.1251,79.4432
2017-01-27,101.4026,36.1434,60.1922,79.4085
2017-01-30,100.716,35.9097,60.1773,79.4432
2017-01-31,100.8018,35.9926,60.3039,79.4259
2017-02-01,100.7933,36.1132,60.1979,79.4311
2017-02-02,100.8619,36.1584,60.2352,79.4311
2017-02-03,101.6257,36.3243,60.2502,79.4137
2017-02-06,101.3854,36.1132,60.4368,79.4485
2017-02-07,101.3768,36.0755,60.5338,79.4485
2017-02-08,101.4884,36.1886,60.6981,79.4485
2017-02-09,102.1578,36.2866,60.5338,79.4485
2017-02-10,102.5868,36.4826,60.5189,79.4311
2017-02-13,103.1018,36.6258,60.4518,79.4311
2017-02-14,103.4793,36.5956,60.3248,79.4485
2017-02-15,104.0458,36.7992,60.2277,79.4311
2017-02-16,103.9513,36.8293,60.3398,79.4311
2017-02-17,104.1058,36.671,60.4816,79.4485
2017-02-21,104.7237,36.8821,60.4742,79.4311
2017-02-22,104.5864,36.8896,60.5115,79.4311
2017-02-23,104.5092,36.9273,60.6235,79.4311
2017-02-24,104.6808,36.6333,60.8474,79.4311
2017-02-27,104.9125,36.6032,60.7205,79.4311
2017-02-28,104.5263,36.475,60.6757,79.4658
2017-03-01,105.9337,36.8971,60.4274,79.4346
2017-03-02,105.2558,36.5805,60.3151,79.4346
2017-03-03,105.3416,36.7615,60.36,79.452
2017-03-06,104.9297,36.671,60.3227,79.4693
2017-03-07,104.595,36.5881,60.2104,79.4346
2017-03-08,104.3032,36.3695,60.0683,79.4346
2017-03-09,104.3547,36.4147,59.8813,79.4346
2017-03-10,104.7323,36.7539,60.001,79.452
2017-03-13,104.8095,36.9574,59.8813,79.4346
2017-03-14,104.4319,36.7012,59.8738,79.4346
2017-03-15,105.3759,37.2966,60.2479,79.452
2017-03-16,105.2472,37.5152,60.1581,79.4693
2017-03-17,105.1871,37.5077,60.2778,79.4693
2017-03-20,104.9383,37.5831,60.3974,79.452
2017-03-21,103.4708,37.3193,60.5396,79.4693
2017-03-22,103.6081,37.3871,60.6219,79.4693
2017-03-23,103.5737,37.47,60.592,79.452
2017-03-24,103.5841,37.6061,60.577,79.4693
2017-03-27,103.4634,37.6591,60.7042,79.4693
2017-03-28,104.1875,37.7801,60.592,79.4693
2017-03-29,104.3772,37.8254,60.7116,79.4693
2017-03-30,104.7651,37.6742,60.6144,79.4693
2017-03-31,104.5841,37.5683,60.6518,79.452
2017-04-03,104.3255,37.5607,60.8722,79.4589
2017-04-04,104.3772,37.591,60.8047,79.4589
2017-04-05,103.9548,37.4246,60.8572,79.4589
2017-04-06,104.2824,37.4246,60.8797,79.4589
2017-04-07,104.2048,37.3868,60.7448,79.4589
2017-04-10,104.3341,37.3566,60.8047,79.4589
2017-04-11,104.2996,37.4624,60.9996,79.4763
2017-04-12,103.7651,37.47,61.1421,79.4589
2017-04-13,103.0583,37.2583,61.232,79.4763
2017-04-17,103.9548,37.5607,61.1945,79.4763
2017-04-18,103.7306,37.3036,61.4119,79.4937
2017-04-19,103.6444,37.1373,61.2995,79.4937
2017-04-20,104.4979,37.4776,61.217,79.4937
2017-04-21,104.1617,37.4624,61.232,79.4937
2017-04-24,105.2651,38.2565,61.1496,79.4763
2017-04-25,105.9202,38.4833,60.9622,79.4763
2017-04-26,105.9461,38.3926,61.0221,79.4937
2017-04-27,106.0496,38.3396,61.0671,79.4763
2017-04-28,105.6961,38.3396,61.1346,79.5111
2017-05-01,105.972,38.5136,61.0204,79.5059
2017-05-02,105.972,38.7404,61.1256,79.4884
2017-05-03,105.7134,38.627,61.058,79.4884
2017-05-04,105.7909,38.7253,60.9904,79.5059
2017-05-05,106.3168,39.0958,61.0279,79.4884
2017-05-08,106.153,38.8917,60.9227,79.5059
2017-05-09,106.1185,38.869,60.8927,79.5059
2017-05-10,106.3513,38.9975,60.8852,79.5232
2017-05-11,106.0409,38.9144,60.9303,79.5232
2017-05-12,105.834,39.1185,61.1105,79.5059
2017-05-15,106.403,39.3908,61.0955,79.5232
2017-05-16,106.3427,39.542,61.1556,79.5232
2017-05-17,104.4289,39.0202,61.4861,79.5406
2017-05-18,104.7392,38.9295,61.4336,79.5406
2017-05-19,105.4893,39.4664,61.4711,79.5232
2017-05-22,106.0496,39.5193,61.4185,79.5406
2017-05-23,106.2306,39.5193,61.2908,79.5406
2017-05-24,106.541,39.5949,61.4185,79.5232
2017-05-25,106.9892,39.6101,61.4185,79.5406
2017-05-26,106.972,39.5723,61.4486,79.5581
2017-05-30,106.7995,39.4891,61.5387,79.5232
2017-05-31,106.7651,39.474,61.5688,79.5232
2017-06-01,107.7564,39.7689,61.5853,79.5529
2017-06-02,108.1099,40.1092,61.7886,79.5354
2017-06-05,107.9719,39.9504,61.6907,79.5529
2017-06-06,107.6961,39.8672,61.8036,79.5354
2017-06-07,107.8168,39.8823,61.7208,79.5702
2017-06-08,108.0064,39.8445,61.6757,79.5529
2017-06-09,107.9202,39.663,61.623,79.5702
2017-06-12,107.903,39.5269,61.6079,79.5529
2017-06-13,108.4375,39.8521,61.623,79.5702
2017-06-14,108.2823,39.7991,61.8488,79.5529
2017-06-15,108.0409,39.4059,61.781,79.5529
2017-06-16,107.9719,39.6857,61.8488,79.5876
2017-06-19,108.8512,39.8596,61.7585,79.5702
2017-06-20,108.1099,39.474,61.8488,79.5702
2017-06-21,107.9843,39.4097,61.8789,79.5876
2017-06-22,108.0276,39.5473,61.9015,79.6051
2017-06-23,108.2961,39.6467,61.9165,79.5876
2017-06-26,108.374,39.7613,61.9843,79.5702
2017-06-27,107.482,39.6696,61.7735,79.5702
2017-06-28,108.4952,40.0518,61.7735,79.6051
2017-06-29,107.6292,39.639,61.6456,79.5876
2017-06-30,107.7765,39.7231,61.6004,79.6051
2017-07-03,108.0362,39.7537,61.6072,79.6137
2017-07-05,108.1575,39.7231,61.645,79.5964
2017-07-06,107.0923,39.4862,61.5013,79.6137
2017-07-07,107.8371,39.532,61.4863,79.6137
2017-07-10,107.915,39.6543,61.5165,79.6137
2017-07-11,107.889,39.7919,61.5769,79.6137
2017-07-12,108.6598,40.1741,61.7206,79.5964
2017-07-13,108.833,40.327,61.6979,79.5964
2017-07-14,109.318,40.6862,61.7206,79.6312
2017-07-17,109.318,40.5333,61.8037,79.6137
2017-07-18,109.3872,40.6403,61.9473,79.6137
2017-07-19,110.0195,40.8544,61.9549,79.6137
2017-07-20,110.0887,41.0072,61.9927,79.6137
2017-07-21,109.9415,40.8314,62.0607,79.6137
2017-07-24,109.9502,40.8314,62.0305,79.6137
2017-07-25,110.3139,40.8773,61.7962,79.6137
2017-07-26,110.2359,41.099,61.9473,79.6312
2017-07-27,110.0454,40.9843,61.8718,79.6485
2017-07-28,109.8635,40.9843,61.9852,79.6312
2017-07-31,109.8029,41.0607,61.9775,79.6312
2017-08-01,110.0281,41.3206,62.2296,79.6521
2017-08-02,109.9242,41.313,62.1917,79.6695
2017-08-03,109.673,41.2442,62.3207,79.6695
2017-08-04,109.9069,41.3206,62.222,79.6695
2017-08-07,110.1234,41.3665,62.2448,79.6695
2017-08-08,109.8203,41.2136,62.1612,79.6695
2017-08-09,109.699,41.0913,62.2068,79.6695
2017-08-10,108.0882,40.434,62.2979,79.6695
2017-08-11,108.2874,40.4416,62.3511,79.6869
2017-08-14,109.3959,40.7473,62.3055,79.6695
2017-08-15,109.292,40.6633,62.1992,79.6869
2017-08-16,109.4912,40.9614,62.2903,79.6695
2017-08-17,107.7505,40.4645,62.4042,79.6869
2017-08-18,107.5686,40.6021,62.3738,79.6695
2017-08-21,107.7245,40.6862,62.4042,79.6869
2017-08-22,108.807,40.8467,62.3283,79.7044
2017-08-23,108.4779,40.9155,62.5105,79.7044
2017-08-24,108.3047,40.9232,62.4194,79.7044
2017-08-25,108.5645,41.183,62.4953,79.6869
2017-08-28,108.6078,41.1601,62.5256,79.7044
2017-08-29,108.6512,40.9919,62.594,79.7044
2017-08-30,109.2227,40.969,62.5864,79.7044
2017-08-31,109.9675,41.2824,62.6395,79.7218
2017-09-01,110.2186,41.397,62.5361,79.727
2017-09-05,109.3699,41.0837,62.7947,79.6921
2017-09-06,109.673,41.3741,62.6882,79.727
2017-09-07,109.6211,41.6875,62.886,79.727
2017-09-08,109.5431,41.6493,62.8175,79.7096
2017-09-11,110.7209,42.0085,62.6274,79.7096
2017-09-12,111.1453,42.0315,62.5361,79.7445
2017-09-13,111.1972,41.8404,62.46,79.7445
2017-09-14,111.1626,41.9321,62.498,79.727
2017-09-15,111.3705,42.0391,62.5056,79.727
2017-09-18,111.6389,42.1079,62.46,79.727
2017-09-19,111.6909,42.2531,62.4143,79.7619
2017-09-20,111.8727,42.1824,62.3611,79.7619
2017-09-21,111.561,42.1056,62.3459,79.7619
2017-09-22,111.6505,42.144,62.4067,79.7619
2017-09-25,111.4679,41.875,62.5436,79.7619
2017-09-26,111.494,41.7597,62.5132,79.7619
2017-09-27,112.1028,41.7213,62.3231,79.7619
2017-09-28,112.2855,41.8212,62.3382,79.7445
2017-09-29,112.6507,42.0595,62.3459,79.7793
2017-10-02,113.2422,42.0595,62.3215,79.7828
2017-10-03,113.4684,42.2977,62.352,79.7828
2017-10-04,113.5814,42.2669,62.352,79.7654
2017-10-05,114.1815,42.2823,62.3063,79.7828
2017-10-06,114.1032,42.2285,62.2376,79.7654
2017-10-09,113.8771,42.2208,62.2986,79.7654
2017-10-10,114.1467,42.5897,62.3291,79.7654
2017-10-11,114.3033,42.7818,62.3596,79.7654
2017-10-12,114.1641,42.7434,62.413,79.8003
2017-10-13,114.2511,43.0278,62.5426,79.8003
2017-10-16,114.3294,42.9817,62.4816,79.7828
2017-10-17,114.3816,42.8664,62.4892,79.8003
2017-10-18,114.5294,42.974,62.3901,79.8003
2017-10-19,114.5555,42.7972,62.4206,79.8003
2017-10-20,115.173,42.7742,62.2681,79.8177
2017-10-23,114.686,42.6589,62.3215,79.8003
2017-10-24,114.886,42.7357,62.2148,79.8351
2017-10-25,114.2859,42.582,62.1614,79.8351
2017-10-26,114.4338,42.5206,62.0852,79.8351
2017-10-27,115.3644,42.6896,62.2224,79.8351
2017-10-30,114.8599,42.7127,62.3673,79.8177
2017-10-31,115.0948,42.9125,62.3291,79.8351
2017-11-01,115.1905,43.0508,62.3696,79.8439
2017-11-02,115.2165,43.143,62.4307,79.8265
2017-11-03,115.521,43.0585,62.4842,79.8265
2017-11-06,115.7384,43.2045,62.53,79.8439
2017-11-07,115.5383,43.0431,62.5529,79.8439
2017-11-08,115.7297,43.2045,62.5071,79.8439
2017-11-09,115.26,42.9432,62.446,79.8265
2017-11-10,115.2774,42.8279,62.1939,79.8439
2017-11-13,115.3383,42.6358,62.2016,79.8439
2017-11-14,115.1296,42.5897,62.2779,79.8439
2017-11-15,114.5382,42.3515,62.4231,79.8439
2017-11-16,115.5818,42.8356,62.339,79.8614
2017-11-17,115.3644,42.7972,62.4002,79.8439
2017-11-20,115.6601,42.8664,62.362,79.8614
2017-11-21,116.4603,43.2122,62.4154,79.8788
2017-11-22,116.3733,43.3351,62.5453,79.8788
2017-11-24,116.643,43.5657,62.53,79.8614
2017-11-27,116.5212,43.2429,62.5071,79.8614
2017-11-28,117.6779,43.5042,62.5071,79.8963
2017-11-29,117.6779,43.2045,62.3543,79.8788
2017-11-30,118.5825,43.1815,62.2626,79.8788
2017-12-01,118.3477,43.1123,62.4295,79.884
2017-12-04,118.1911,42.9586,62.4372,79.8928
2017-12-05,117.6867,42.8971,62.5137,79.9016
2017-12-06,117.6171,42.6512,62.5826,79.8928
2017-12-07,118.0868,42.7588,62.4984,79.9016
2017-12-08,118.7042,43.0201,62.4755,79.9103
2017-12-11,118.9826,43.1123,62.4295,79.9016
2017-12-12,119.113,43.0969,62.4219,79.9103
2017-12-13,119.1305,43.3351,62.5979,79.9016
2017-12-14,118.5738,43.1353,62.6209,79.9103
2017-12-15,119.6349,43.1123,62.6285,79.919
2017-12-18,120.4612,43.6041,62.529,79.9277
2017-12-19,119.9741,43.4735,62.3377,79.9295
2017-12-20,119.9654,43.4658,62.2152,79.9295
2017-12-21,120.2389,43.6823,62.2535,79.9295
2017-12-22,120.1953,43.8142,62.2841,79.947
2017-12-26,120.0992,43.8374,62.3462,79.9382
2017-12-27,120.1428,43.915,62.5381,79.9557
2017-12-28,120.4051,43.9926,62.4998,79.9557
2017-12-29,119.9593,44.078,62.5995,79.9382
2018-01-02,120.8071,44.5202,62.423,79.947
2018-01-03,121.5063,44.8306,62.4767,79.9645
2018-01-04,121.9696,45.203,62.446,79.9732
2018-01-05,122.6862,45.5056,62.3616,79.9732
2018-01-08,122.9659,45.4823,62.3693,79.9819
2018-01-09,123.1932,45.5211,62.1851,79.9819
2018-01-10,123.0009,45.3659,62.1928,79.9819
2018-01-11,124.041,45.653,62.1928,79.9732
2018-01-12,124.7664,46.0953,62.1851,79.9995
2018-01-16,124.2158,46.0487,62.2311,79.9819
2018-01-17,125.3607,46.3668,62.1621,79.9995
2018-01-18,125.1423,46.3125,62.0393,79.9995
2018-01-19,125.789,46.522,61.9088,80.0082
2018-01-22,126.7854,46.778,61.8628,80.0169
2018-01-23,127.1001,46.9643,62.0239,80.0169
2018-01-24,126.9777,47.166,61.9548,80.0257
2018-01-25,127.0301,46.9953,62.1237,80.0257
2018-01-26,128.3587,47.4608,62.0086,80.0432
2018-01-29,127.5196,46.972,61.9242,80.0257
2018-01-30,126.191,46.5298,61.809,80.0345
2018-01-31,126.2347,46.5996,61.8244,80.0432
2018-02-01,126.1823,46.5608,61.6529,80.0397
2018-02-02,123.4991,45.5444,61.4683,80.0484
2018-02-05,118.6396,43.7133,61.7375,80.0397
2018-02-06,120.5799,44.7685,61.5375,80.0484
2018-02-07,120.0467,43.9616,61.3991,80.0572
2018-02-08,115.729,42.7512,61.3529,80.0484
2018-02-09,117.3197,43.1547,61.1991,80.066
2018-02-12,118.8842,43.7599,61.2145,80.066
2018-02-13,119.2601,43.7599,61.2683,80.066
2018-02-14,120.9295,44.5435,61.0684,80.066
2018-02-15,122.4065,44.9392,61.1299,80.0747
2018-02-16,122.459,45.0013,61.2606,80.0835
2018-02-20,121.7248,44.5125,61.1991,80.0835
2018-02-21,121.1567,44.4038,60.9684,80.0747
2018-02-22,121.2353,44.6056,61.0453,80.0835
2018-02-23,123.1145,45.0944,61.2068,80.101
2018-02-26,124.4081,45.4358,61.2376,80.0835
2018-02-27,122.8435,44.6599,61.1068,80.101
2018-02-28,121.4888,44.1556,61.1838,80.1097
2018-03-01,120.0467,43.6978,61.2877,80.1176
2018-03-02,120.8246,43.8219,61.1722,80.1263
2018-03-05,122.1881,44.0004,61.1336,80.1263
2018-03-06,122.6338,44.334,61.1568,80.1263
2018-03-07,122.7386,44.2875,61.1413,80.1263
2018-03-08,123.2019,44.3806,61.2107,80.1176
2018-03-09,125.2471,44.7996,61.1336,80.1351
2018-03-12,125.1772,44.8771,61.1953,80.1439
2018-03-13,124.3993,44.559,61.2107,80.1439
2018-03-14,123.77,44.6754,61.3417,80.1439
2018-03-15,123.6039,44.6133,61.3494,80.1351
2018-03-16,123.8137,44.528,61.2955,80.1527
2018-03-19,122.223,44.14,61.2493,80.1527
2018-03-20,122.4065,44.2797,61.1722,80.1439
2018-03-21,122.3017,44.4038,61.1722,80.1614
2018-03-22,119.3056,43.4417,61.2724,80.1702
2018-03-23,116.8046,42.9452,61.2877,80.1789
2018-03-26,119.8848,43.8257,61.2493,80.1702
2018-03-27,117.7611,43.3512,61.4573,80.1877
2018-03-28,117.4891,43.499,61.4496,80.1965
2018-03-29,119.1038,43.9891,61.6038,80.214
2018-04-02,116.3921,43.3046,61.596,80.2096
2018-04-03,117.8401,43.709,61.5265,80.2008
2018-04-04,119.1652,43.7791,61.5265,80.2184
2018-04-05,119.9989,44.0669,61.4415,80.2272
2018-04-06,117.4803,43.6079,61.596,80.2272
2018-04-09,117.8752,43.9346,61.6578,80.2359
2018-04-10,119.7883,44.4558,61.5497,80.2272
2018-04-11,119.2354,44.3236,61.596,80.2447
2018-04-12,120.2008,44.448,61.4802,80.2447
2018-04-13,119.8585,44.378,61.5265,80.2447
2018-04-16,120.8589,44.4636,61.5342,80.2622
2018-04-17,122.1314,44.6581,61.5574,80.2622
2018-04-18,122.2982,44.9148,61.3565,80.2534
2018-04-19,121.6312,44.7203,61.2097,80.271
2018-04-20,120.6659,44.4403,61.0552,80.271
2018-04-23,120.622,44.308,61.0243,80.271
2018-04-24,119.174,44.1213,60.9161,80.2798
2018-04-25,119.3056,43.9813,60.8311,80.2886
2018-04-26,120.4377,44.3002,60.9547,80.2973
2018-04-27,120.5167,44.4091,61.0475,80.3061
2018-04-30,119.6391,44.1913,61.0784,80.2973
2018-05-01,119.8234,44.0902,60.9839,80.3035
2018-05-02,119.1301,43.9735,60.9916,80.3123
2018-05-03,118.8054,44.0669,61.0458,80.3123
2018-05-04,120.3412,44.1991,61.0846,80.3298
2018-05-07,120.8677,44.1291,61.0536,80.3298
2018-05-08,120.9116,44.2458,61.0071,80.3386
2018-05-09,122.0524,44.2925,60.9374,80.3386
2018-05-10,123.1143,44.7514,61.0613,80.3386
2018-05-11,123.36,44.8059,61.1233,80.3386
2018-05-14,123.4214,44.8525,61.0458,80.3386
2018-05-15,122.6755,44.4325,60.7593,80.3562
2018-05-16,123.2723,44.6503,60.7128,80.365
2018-05-17,123.3074,44.5492,60.6586,80.365
2018-05-18,123.0353,44.3547,60.8212,80.3737
2018-05-21,123.9568,44.6503,60.8212,80.3737
2018-05-22,123.5004,44.6347,60.8367,80.3737
2018-05-23,123.8251,44.2536,61.0226,80.3825
2018-05-24,123.6233,44.098,61.1465,80.4001
2018-05-25,123.3864,43.9346,61.2781,80.4089
2018-05-29,122.1665,43.0712,61.7041,80.4089
2018-05-30,123.7462,43.6313,61.5182,80.4001
2018-05-31,122.8949,43.4679,61.495,80.4177
2018-06-01,124.1762,43.8646,61.5331,80.4229
2018-06-04,124.7553,44.028,61.4009,80.4317
2018-06-05,124.9396,43.9346,61.4553,80.4317
2018-06-06,126.0454,44.3858,61.2841,80.4229
2018-06-07,125.8611,44.0358,61.4397,80.4317
2018-06-08,126.2911,44.098,61.3619,80.4493
2018-06-11,126.4754,44.2925,61.3075,80.4581
2018-06-12,126.7387,44.1058,61.2997,80.4581
2018-06-13,126.2648,44.0747,61.2608,80.4493
2018-06-14,126.6246,43.9113,61.393,80.4757
2018-06-15,126.5017,43.6157,61.4009,80.4757
2018-06-18,126.3613,43.2734,61.4009,80.4669
2018-06-19,125.94,42.8223,61.502,80.4845
2018-06-20,126.2297,42.9467,61.3619,80.4757
2018-06-21,125.3609,42.55,61.393,80.4845
2018-06-22,125.5398,43.0006,61.432,80.4933
2018-06-25,123.7772,42.4108,61.4242,80.5109
2018-06-26,124.0592,42.4659,61.5253,80.5021
2018-06-27,122.9047,41.939,61.6732,80.5196
2018-06-28,123.6714,42.1513,61.6265,80.5196
2018-06-29,123.7596,42.5445,61.6109,80.5372
2018-07-02,124.0592,42.0963,61.5727,80.5258
2018-07-03,123.742,42.1906,61.6975,80.5434
2018-07-05,124.7907,42.4659,61.7832,80.5434
2018-07-06,125.8394,42.6939,61.8534,80.561
2018-07-09,126.9851,43.15,61.7988,80.561
2018-07-10,127.3112,43.15,61.7598,80.5698
2018-07-11,126.4035,42.4423,61.7911,80.5698
2018-07-12,127.4434,42.804,61.8379,80.5698
2018-07-13,127.5227,42.9377,61.8924,80.5786
2018-07-16,127.32,42.8512,61.8066,80.5874
2018-07-17,127.9016,42.9927,61.7832,80.5874
2018-07-18,128.1836,42.9849,61.7521,80.5962
2018-07-19,127.8752,42.7647,61.869,80.6051
2018-07-20,127.646,43.095,61.7286,80.6139
2018-07-23,127.8488,42.9534,61.5337,80.6051
2018-07-24,128.1308,43.2759,61.6273,80.6227
2018-07-25,129.2236,43.7241,61.6273,80.6139
2018-07-26,129.012,43.4961,61.6273,80.6227
2018-07-27,127.9809,43.559,61.6117,80.6403
2018-07-30,127.1437,43.5826,61.5415,80.6315
2018-07-31,127.8663,43.6298,61.5883,80.6491
2018-08-01,127.7166,43.4331,61.5547,80.6535
2018-08-02,128.4745,43.1029,61.5859,80.6623
2018-08-03,128.9064,43.2051,61.7188,80.6623
2018-08-06,129.4879,43.0164,61.7735,80.6711
2018-08-07,129.911,43.2601,61.6641,80.68
2018-08-08,129.7876,43.268,61.6485,80.6711
2018-08-09,129.6995,43.15,61.7657,80.68
2018-08-10,128.8887,42.3322,61.8908,80.6976
2018-08-13,128.3951,42.0097,61.8986,80.7064
2018-08-14,129.2412,42.0884,61.8595,80.6888
2018-08-15,128.2189,41.4042,61.9299,80.7064
2018-08-16,129.2236,41.648,61.9611,80.7064
2018-08-17,129.6995,41.9232,62.0315,80.7152
2018-08-20,129.9462,42.112,62.1096,80.7152
2018-08-21,130.431,42.4187,62.0784,80.7241
2018-08-22,130.475,42.6389,62.1175,80.7241
2018-08-23,130.2194,42.2378,62.1175,80.7505
2018-08-24,131.0302,42.631,62.1488,80.7505
2018-08-27,131.9732,43.1894,62.0706,80.7594
2018-08-28,132.0525,43.1107,61.9768,80.7594
2018-08-29,132.7487,43.3073,61.9377,80.7505
2018-08-30,132.2023,42.7647,61.9846,80.7858
2018-08-31,132.2552,42.5838,62.0002,80.777
2018-09-04,132.0702,42.0727,61.9046,80.784
2018-09-05,131.6383,41.6873,61.9203,80.7752
2018-09-06,131.2417,41.6008,62.0143,80.7929
2018-09-07,130.9421,41.302,61.8185,80.8105
2018-09-10,131.2241,41.3492,61.8576,80.8105
2018-09-11,131.6647,41.4121,61.7244,80.8193
2018-09-12,131.6736,41.5694,61.7714,80.8193
2018-09-13,132.3345,41.939,61.8106,80.8193
2018-09-14,132.4403,41.9311,61.7087,80.8282
2018-09-17,131.603,41.8997,61.7009,80.8459
2018-09-18,132.3081,42.3243,61.5599,80.8459
2018-09-19,132.3257,42.5681,61.4659,80.8459
2018-09-20,133.348,43.0085,61.5442,80.8635
2018-09-21,133.2159,43.0321,61.5834,80.8635
2018-09-24,132.7311,42.7647,61.505,80.8724
2018-09-25,132.6606,43.0085,61.458,80.8724
2018-09-26,132.1495,43.0306,61.6147,80.8724
2018-09-27,132.4579,42.9832,61.6618,80.89
2018-09-28,132.5146,42.675,61.6618,80.89
2018-10-01,132.7183,42.7461,61.5463,80.8953
2018-10-02,132.5235,42.4853,61.6562,80.9041
2018-10-03,132.7005,42.3273,61.3421,80.9041
2018-10-04,131.5759,41.7425,61.1851,80.9219
2018-10-05,130.7259,41.5212,61.0751,80.9307
2018-10-08,130.6285,41.3631,61.0515,80.9307
2018-10-09,130.3982,41.2209,61.1694,80.9219
2018-10-10,126.2452,40.2251,61.1222,80.9396
2018-10-11,123.5533,39.6877,61.295,80.9484
2018-10-12,125.1826,40.0592,61.2793,80.9484
2018-10-15,124.6248,39.8932,61.2636,80.9573
2018-10-16,127.3699,40.6598,61.3107,80.9661
2018-10-17,127.3344,40.32,61.2008,80.9661
2018-10-18,125.4926,39.6482,61.1615,80.9661
2018-10-19,125.165,39.8774,61.1301,80.975
2018-10-22,124.6691,39.8142,61.1065,80.9927
2018-10-23,123.9341,39.3953,61.1929,80.9927
2018-10-24,120.0822,38.2968,61.3578,81.0015
2018-10-25,122.3402,38.7868,61.2871,81.0104
2018-10-26,120.2239,38.4628,61.3971,81.0192
2018-10-29,119.5597,38.2415,61.3421,81.0192
2018-10-30,121.4282,38.6999,61.2557,81.0192
2018-10-31,122.6944,39.0239,61.1301,81.028
2018-11-01,124.0846,39.7352,61.2434,81.0457
2018-11-02,123.5799,39.9564,61.0151,81.0457
2018-11-05,124.1821,39.9643,61.0624,81.0547
2018-11-06,124.8904,40.0513,61.0545,81.0547
2018-11-07,127.4407,40.5887,61.1096,81.0635
2018-11-08,127.1928,40.1303,61.0072,81.0723
2018-11-09,125.8911,39.7114,61.1568,81.0901
2018-11-12,123.4737,39.0792,61.2514,81.0812
2018-11-13,123.2965,39.2847,61.2198,81.0901
2018-11-14,122.3934,39.4032,61.2671,81.0812
2018-11-15,123.7748,39.6877,61.2749,81.1078
2018-11-16,124.0404,39.6877,61.4088,81.1167
2018-11-19,121.8886,39.3479,61.4088,81.1078
2018-11-20,119.7191,38.5497,61.3694,81.1255
2018-11-21,120.3036,39.1424,61.4324,81.1433
2018-11-23,119.6572,38.8975,61.4245,81.1433
2018-11-26,121.5167,39.4111,61.3773,81.1521
2018-11-27,121.6672,39.3163,61.4167,81.1521
2018-11-28,124.5008,39.996,61.4482,81.1609
2018-11-29,124.2706,39.7984,61.4954,81.1698
2018-11-30,125.165,39.6798,61.519,81.1787
2018-12-03,126.626,40.2488,61.6153,81.176
2018-12-04,122.4907,39.2689,61.7653,81.1849
2018-12-06,122.3402,38.9449,61.8757,81.2026
2018-12-07,119.4535,38.4391,62.002,81.2115
2018-12-10,119.5863,38.1072,62.0651,81.2204
2018-12-11,119.5597,38.2336,62.073,81.2115
2018-12-12,120.2416,38.8342,62.0099,81.2293
2018-12-13,119.9494,38.7789,62.0573,81.2382
2018-12-14,117.8773,38.2415,62.1125,81.247
2018-12-17,115.3625,37.9175,62.2309,81.256
2018-12-18,115.3271,37.9649,62.3256,81.256
2018-12-19,113.5561,37.5303,62.4361,81.247
2018-12-20,111.7231,37.4829,62.3493,81.2648
2018-12-21,109.35,36.906,62.3493,81.2826
2018-12-24,106.6164,36.5194,62.3635,81.2915
2018-12-26,111.7469,37.414,62.229,81.2826
2018-12-27,112.7534,37.422,62.3635,81.3092
2018-12-28,112.6108,37.6296,62.5139,81.3181
2018-12-31,113.6796,37.7175,62.6721,81.327
2019-01-02,113.7687,37.6456,62.7987,81.3181
2019-01-03,111.1323,37.2223,63.044,81.3448
2019-01-04,114.8109,38.4364,62.8541,81.3537
2019-01-07,115.9687,38.5562,62.7591,81.3537
2019-01-08,117.1623,38.8358,62.68,81.3537
2019-01-09,117.7145,39.355,62.767,81.3537
2019-01-10,118.2934,39.4828,62.6404,81.3626
2019-01-11,118.3202,39.2272,62.767,81.3804
2019-01-14,117.572,39.0594,62.7117,81.3715
2019-01-15,118.8546,39.307,62.7195,81.3893
2019-01-16,119.1931,39.4668,62.7433,81.3982
2019-01-17,120.155,39.6425,62.6721,81.416
2019-01-18,121.7138,39.962,62.6246,81.416
2019-01-22,120.0481,39.355,62.7354,81.4249
2019-01-23,120.1728,39.5946,62.7987,81.4249
2019-01-24,120.4222,39.7384,62.9332,81.4515
2019-01-25,121.5535,40.1777,62.862,81.4426
2019-01-28,120.6627,39.962,62.8857,81.4515
2019-01-29,120.4935,40.0419,63.0123,81.4515
2019-01-30,122.3105,40.5212,63.0756,81.4693
2019-01-31,123.3883,40.609,63.3684,81.4693
2019-02-01,123.5664,40.5451,63.1923,81.4773
2019-02-04,124.4482,40.6809,63.1368,81.4862
2019-02-05,124.9648,41.0403,63.2716,81.4862
2019-02-06,124.8401,40.7528,63.2478,81.5041
2019-02-07,123.6555,40.2176,63.2954,81.5041
2019-02-08,123.7801,40.0659,63.3906,81.5219
2019-02-11,124.0384,39.986,63.3668,81.513
2019-02-12,125.5883,40.4093,63.3588,81.5308
2019-02-13,125.9802,40.3534,63.2636,81.5308
2019-02-14,125.7575,40.3694,63.3747,81.5486
2019-02-15,127.1381,40.7767,63.3985,81.5486
2019-02-19,127.3875,40.9924,63.454,81.5664
2019-02-20,127.6547,41.1841,63.4302,81.5664
2019-02-21,127.2183,41.0563,63.3033,81.5753
2019-02-22,128.0555,41.3119,63.4461,81.5932
2019-02-25,128.2425,41.4956,63.4223,81.5843
2019-02-26,128.002,41.6394,63.5096,81.5932
2019-02-27,128.0466,41.4397,63.3826,81.6021
2019-02-28,127.7794,41.272,63.3112,81.6199
2019-03-01,128.6344,41.3838,63.1157,81.6288
2019-03-04,128.0377,41.3359,63.227,81.6199
2019-03-05,127.7972,41.4158,63.2747,81.6288
2019-03-06,126.8264,41.28,63.3542,81.6377
2019-03-07,125.8377,40.7288,63.5371,81.6556
2019-03-08,125.5794,40.641,63.6165,81.6645
2019-03-11,127.4231,41.1202,63.5847,81.6645
2019-03-12,127.8506,41.1841,63.7358,81.6734
2019-03-13,128.6701,41.4397,63.704,81.6824
2019-03-14,128.5632,41.3758,63.6484,81.6824
2019-03-15,129.16,41.7992,63.7676,81.6913
2019-03-18,129.641,42.0388,63.7278,81.7002
2019-03-19,129.6142,42.0787,63.696,81.7002
2019-03-20,129.0798,42.0867,63.9743,81.7002
2019-03-21,130.5941,42.0947,63.9902,81.727
2019-03-22,127.8684,41.1921,64.34,81.727
2019-03-25,127.7807,41.229,64.4195,81.727
2019-03-26,128.7657,41.4694,64.4354,81.7359
2019-03-27,128.1747,41.3412,64.5546,81.7448
2019-03-28,128.7389,41.3652,64.5865,81.7627
2019-03-29,129.5896,41.5896,64.5387,81.7627
2019-04-01,131.0941,42.1265,64.2837,81.777
2019-04-02,131.0852,42.1665,64.3156,81.7681
2019-04-03,131.3986,42.431,64.2279,81.777
2019-04-04,131.6762,42.4711,64.2917,81.8038
2019-04-05,132.3389,42.5832,64.3395,81.8038
2019-04-08,132.4553,42.5752,64.2757,81.8038
2019-04-09,131.6582,42.439,64.3714,81.8128
2019-04-10,132.2672,42.5672,64.459,81.8128
2019-04-11,132.2583,42.423,64.3475,81.8396
2019-04-12,133.1448,42.7435,64.2279,81.8396
2019-04-15,133.0374,42.7035,64.2439,81.8485
2019-04-16,133.0732,42.8637,64.1323,81.8485
2019-04-17,132.5806,42.9118,64.1323,81.8665
2019-04-18,132.7776,42.8797,64.22,81.8754
2019-04-22,132.8135,42.7996,64.1562,81.8754
2019-04-23,134.1478,42.9038,64.2678,81.8754
2019-04-24,133.9687,42.4951,64.4352,81.8933
2019-04-25,133.7448,42.423,64.4192,81.9112
2019-04-26,134.4702,42.6474,64.5626,81.9022
2019-04-29,134.6672,42.7515,64.4271,81.9112
2019-04-30,134.6761,42.7435,64.5228,81.9201
2019-05-01,133.6732,42.5191,64.5268,81.9237
2019-05-02,133.4493,42.455,64.383,81.9327
2019-05-03,134.8911,42.8877,64.5028,81.9416
2019-05-06,134.4612,42.3669,64.5827,81.9506
2019-05-07,132.1418,41.6457,64.6786,81.9595
2019-05-08,131.927,41.6857,64.6306,81.9595
2019-05-09,131.5061,41.3492,64.6946,81.9685
2019-05-10,132.115,41.6537,64.6866,81.9864
2019-05-13,128.7747,40.6119,64.8224,81.9774
2019-05-14,129.9389,41.0206,64.8623,81.9864
2019-05-15,130.709,41.1488,64.9582,81.9954
2019-05-16,131.8911,41.3412,64.8623,82.0043
2019-05-17,130.9598,40.9966,64.8783,82.0133
2019-05-20,130.0285,40.8363,64.7984,82.0223
2019-05-21,131.3001,41.1088,64.7665,82.0223
2019-05-22,130.8254,40.9725,64.8863,82.0402
2019-05-23,129.1598,40.5559,65.118,82.0581
2019-05-24,129.4732,40.8844,65.118,82.0581
2019-05-28,128.3359,40.628,65.2538,82.067
2019-05-29,127.4583,40.4917,65.2378,82.067
2019-05-30,127.7091,40.636,65.4136,82.0939
2019-05-31,125.9897,40.4276,65.7012,82.0939
2019-06-03,125.7389,40.6761,65.8878,82.0903
2019-06-04,128.5598,41.0767,65.7757,82.1083
2019-06-05,129.5448,40.9806,65.7757,82.1083
2019-06-06,130.2702,41.0767,65.7596,82.1352
2019-06-07,131.4523,41.5495,65.9358,82.1263
2019-06-10,132.1866,41.7178,65.7997,82.1442
2019-06-11,132.0613,41.9902,65.7516,82.1352
2019-06-12,131.8822,41.6216,65.8637,82.1442
2019-06-13,132.4911,41.6697,65.9758,82.1711
2019-06-14,132.2045,41.3332,65.9839,82.1802
2019-06-17,132.3007,41.3732,65.9839,82.1802
2019-06-18,133.7478,42.0303,66.136,82.1802
2019-06-19,134.2062,42.3108,66.3602,82.1981
2019-06-20,135.4377,42.7595,66.4643,82.207
2019-06-21,135.4557,42.5901,66.2801,82.207
2019-06-24,134.7007,42.6306,66.4002,82.2161
2019-06-25,133.4243,42.3307,66.4243,82.2161
2019-06-26,133.1726,42.4604,66.2721,82.234
2019-06-27,133.9725,42.5982,66.4643,82.234
2019-06-28,134.9073,42.7603,66.5204,82.243
2019-07-01,135.8602,43.0116,66.5156,82.2385
2019-07-02,136.1747,43.1657,66.644,82.2474
2019-07-03,137.1994,43.3197,66.7644,82.2744
2019-07-05,137.1185,43.036,66.4513,82.2654
2019-07-08,136.3815,42.7684,66.4433,82.2654
2019-07-09,136.6242,42.6063,66.355,82.2744
2019-07-10,137.1814,42.8009,66.4112,82.2834
2019-07-11,137.3702,42.8252,66.1945,82.3014
2019-07-12,138.0713,42.8576,66.2507,82.3104
2019-07-15,137.9814,42.9306,66.347,82.3104
2019-07-16,137.6308,42.7928,66.2587,82.3194
2019-07-17,136.723,42.7117,66.4594,82.3194
2019-07-18,137.2264,42.8495,66.5798,82.3464
2019-07-19,136.4444,42.7117,66.5076,82.3464
2019-07-22,136.7679,42.7766,66.5798,82.3464
2019-07-23,137.6847,42.963,66.5236,82.3374
2019-07-24,138.5297,42.963,66.5878,82.3554
2019-07-25,137.7926,42.5658,66.5156,82.3734
2019-07-26,138.7903,42.6793,66.5156,82.3644
2019-07-29,138.4578,42.6955,66.5557,82.3823
2019-07-30,138.323,42.2334,66.5396,82.3823
2019-07-31,136.8129,41.9092,66.6199,82.3914
2019-08-01,135.5456,41.6012,67.097,82.4139
2019-08-02,134.4489,41.2931,67.1613,82.4139
2019-08-05,130.4581,40.1664,67.4509,82.4048
2019-08-06,132.1569,40.5068,67.6199,82.4139
2019-08-07,132.3007,40.6852,67.6199,82.4319
2019-08-08,134.8175,41.1553,67.6762,82.4409
2019-08-09,133.8557,40.8392,67.5556,82.4319
2019-08-12,132.2019,40.442,67.8532,82.4499
2019-08-13,134.0894,40.8878,67.7486,82.4589
2019-08-14,130.2154,39.7367,67.99,82.4499
2019-08-15,130.4581,39.8826,68.3199,82.4859
2019-08-16,132.4355,40.3852,68.2474,82.4769
2019-08-19,134.0085,40.5798,68.0302,82.4769
2019-08-20,132.9839,40.4987,68.2072,82.4859
2019-08-21,134.1074,40.8068,68.175,82.4769
2019-08-22,133.9905,40.6527,68.0463,82.504
2019-08-23,130.6109,40.1015,68.2957,82.495
2019-08-26,131.9322,40.4095,68.2555,82.504
2019-08-27,131.321,40.369,68.4888,82.513
2019-08-28,132.2558,40.4501,68.5129,82.504
2019-08-29,134.0085,40.7824,68.4727,82.522
2019-08-30,133.9635,41.0013,68.4647,82.531
2019-09-03,133.0917,40.8392,68.5275,82.5472
2019-09-04,134.5118,41.4552,68.6565,82.5382
2019-09-05,136.3095,41.7714,68.3018,82.5472
2019-09-06,136.3365,41.9011,68.3824,82.5563
2019-09-09,136.4174,41.9497,68.068,82.5563
2019-09-10,136.5522,42.0227,67.7213,82.5743
2019-09-11,137.6668,42.2578,67.6809,82.5653
2019-09-12,138.0803,42.501,67.5519,82.5834
2019-09-13,137.9454,42.7441,67.1649,82.5834
2019-09-16,137.6655,42.4037,67.3423,82.5834
2019-09-17,137.9996,42.5334,67.4955,82.5924
2019-09-18,137.9815,42.4523,67.5439,82.6104
2019-09-19,137.8913,42.5172,67.6406,82.6104
2019-09-20,137.2863,42.4766,67.8825,82.6195
2019-09-23,137.3585,42.428,67.9309,82.6375
2019-09-24,136.0853,42.1997,68.1647,82.6375
2019-09-25,136.9432,42.1671,67.8422,82.6375
2019-09-26,136.5278,42.2079,67.9551,82.6556
2019-09-27,135.7151,41.9551,68.0276,82.6556
2019-09-30,136.3472,42.1182,68.076,82.6645
2019-10-01,134.5684,41.735,68.1423,82.6619
2019-10-02,132.3832,41.0828,68.2958,82.6619
2019-10-03,133.4577,41.4007,68.5221,82.689
2019-10-04,135.2005,41.6779,68.6352,82.689
2019-10-07,134.6677,41.5393,68.4574,82.698
2019-10-08,132.4915,41.1887,68.4898,82.698
2019-10-09,133.7106,41.5149,68.409,82.698
2019-10-10,134.5684,41.8247,68.1989,82.7161
2019-10-11,136.0131,42.4932,67.9483,82.7251
2019-10-14,135.8867,42.322,68.0615,82.7161
2019-10-15,137.2231,42.7623,67.8837,82.7251
2019-10-16,136.9703,42.852,67.9564,82.7342
2019-10-17,137.4217,42.9661,67.9564,82.7432
2019-10-18,136.8709,42.8846,67.9888,82.7432
2019-10-21,137.7649,43.1455,67.8271,82.7522
2019-10-22,137.3495,43.1047,67.9483,82.7522
2019-10-23,137.6294,43.2596,67.9807,82.7522
2019-10-24,138.0086,43.333,67.9888,82.7703
2019-10-25,138.5594,43.4226,67.8756,82.7703
2019-10-28,139.3992,43.6102,67.7302,82.7613
2019-10-29,139.3721,43.5368,67.7464,82.7794
2019-10-30,139.7062,43.6999,67.9645,82.7884
2019-10-31,139.2186,43.5613,68.2877,82.7974
2019-11-01,140.7085,43.9852,68.227,82.7965
2019-11-04,141.2232,44.2379,68.0326,82.8056
2019-11-05,141.0968,44.3113,67.7978,82.7965
2019-11-06,141.0335,44.2379,67.9436,82.8056
2019-11-07,141.5121,44.4092,67.5953,82.8237
2019-11-08,141.9095,44.3032,67.5306,82.8237
2019-11-11,141.6295,44.1564,67.5711,82.8237
2019-11-12,141.8733,44.1075,67.6115,82.8327
2019-11-13,141.9365,43.9444,67.733,82.8327
2019-11-14,142.081,43.8955,67.9274,82.8418
2019-11-15,143.1646,44.189,67.9031,82.8327
2019-11-18,143.2458,44.2135,68.0003,82.8509
2019-11-19,143.291,44.1809,68.0731,82.8418
2019-11-20,142.8395,43.9526,68.2594,82.8509
2019-11-21,142.4783,43.8711,68.146,82.8509
2019-11-22,142.7943,43.9608,68.1865,82.8599
2019-11-25,144.1488,44.2869,68.2513,82.8599
2019-11-26,144.4558,44.2869,68.3647,82.869
2019-11-27,145.1421,44.3847,68.2594,82.8871
2019-11-29,144.4919,43.9934,68.2594,82.8871
2019-12-02,143.1826,43.814,68.0808,82.8934
2019-12-03,142.3338,43.6672,68.446,82.8843
2019-12-04,143.2549,44.0423,68.3081,82.8934
2019-12-05,143.4626,44.0423,68.235,82.9116
2019-12-06,144.7357,44.4173,68.1458,82.9116
2019-12-09,144.2752,44.189,68.162,82.9206
2019-12-10,144.1488,44.2706,68.1133,82.9206
2019-12-11,144.4919,44.5641,68.3406,82.9206
2019-12-12,145.6748,45.0043,68.0159,82.9387
2019-12-13,145.6748,45.1919,68.3243,82.9206
2019-12-16,146.7403,45.624,68.1376,82.9387
2019-12-17,146.7945,45.5669,68.1458,82.9297
2019-12-18,146.8577,45.5995,68.0565,82.9478
2019-12-19,147.4988,45.575,68.1052,82.9569
2019-12-20,148.2573,45.5913,68.1214,82.9614
2019-12-23,148.3475,45.6639,68.0783,82.9614
2019-12-24,148.3802,45.6721,68.1434,82.9705
2019-12-26,149.0974,45.87,68.2085,82.9796
2019-12-27,148.9613,46.0927,68.306,82.9705
2019-12-30,148.1533,45.7381,68.2816,82.9796
2019-12-31,148.5437,45.9195,68.2085,82.9796
2020-01-02,149.7783,46.4307,68.2979,83.0068
2020-01-03,148.8251,45.8618,68.5419,83.0068
2020-01-06,149.3335,45.9278,68.4606,82.9977
2020-01-07,148.9794,45.8453,68.4036,82.9977
2020-01-08,149.7148,45.9278,68.2979,83.0159
2020-01-09,150.6499,46.1339,68.3793,83.0249
2020-01-10,150.2141,46.0762,68.4931,83.0249
2020-01-13,151.24,46.4225,68.4525,83.0249
2020-01-14,151.1583,46.4307,68.5501,83.0249
2020-01-15,151.5305,46.3071,68.6558,83.034
2020-01-16,152.8287,46.5544,68.6151,83.0522
2020-01-17,153.2101,46.7028,68.607,83.0431
2020-01-21,152.8832,46.1916,68.7778,83.0522
2020-01-22,152.974,46.3565,68.8347,83.0522
2020-01-23,153.1465,46.1751,68.9567,83.0612
2020-01-24,151.6939,45.9113,69.0625,83.0612
2020-01-27,149.4152,44.9053,69.2902,83.0703
2020-01-28,150.8587,45.2434,69.1682,83.0703
2020-01-29,150.7588,45.2681,69.3634,83.0794
2020-01-30,151.122,45.1032,69.3797,83.0794
2020-01-31,148.4529,44.3611,69.5586,83.0794
2020-02-03,149.7602,44.4436,69.4959,83.0867
2020-02-04,152.1206,45.2269,69.284,83.0867
2020-02-05,153.6186,45.6392,69.1699,83.1048
2020-02-06,154.0452,45.7464,69.2351,83.1139
2020-02-07,153.1647,45.2928,69.4469,83.1139
2020-02-10,154.2904,45.3836,69.5529,83.1048
2020-02-11,154.7171,45.7134,69.4388,83.1139
2020-02-12,155.6885,46.0432,69.3573,83.123
2020-02-13,155.625,45.6886,69.4225,83.1321
2020-02-14,155.8792,45.6639,69.4959,83.1321
2020-02-18,155.516,45.3836,69.6018,83.1412
2020-02-19,156.3058,45.5979,69.5937,83.1412
2020-02-20,155.8338,45.2269,69.7648,83.1412
2020-02-21,154.2359,44.9878,69.936,83.1594
2020-02-24,149.161,43.3222,70.1561,83.1503
2020-02-25,144.6035,42.7285,70.2132,83.1503
2020-02-26,143.8046,42.8109,70.1724,83.1684
2020-02-27,137.5041,41.5906,70.2539,83.1866
2020-02-28,136.5781,41.4339,70.7185,83.1775
2020-03-02,142.234,41.8874,70.672,83.202
2020-03-03,138.5663,41.5082,71.0967,83.2203
2020-03-04,144.1042,42.5801,71.0803,83.2567
2020-03-05,139.3017,41.5576,71.3498,83.2748
2020-03-06,136.7143,40.9392,71.8399,83.2748
2020-03-09,125.7383,37.7069,71.6847,83.3112
2020-03-10,131.9753,39.1664,70.721,83.2931
2020-03-11,125.2934,37.2205,69.3815,83.3112
2020-03-12,113.11,33.2214,65.6082,83.3203
2020-03-13,123.4051,35.3322,68.3769,83.3385
2020-03-16,109.3605,31.3991,69.0957,83.3476
2020-03-17,114.844,33.0235,67.6664,83.3476
2020-03-18,108.2257,30.7807,66.033,83.3658
2020-03-19,109.0246,31.127,65.9921,83.3476
2020-03-20,104.5761,31.0198,67.111,83.3749
2020-03-23,101.5984,30.3881,68.5975,83.3567
2020-03-24,111.2398,32.9349,68.671,83.3567
2020-03-25,112.7741,34.1256,69.5939,83.3567
2020-03-26,119.6205,35.4651,69.9124,83.3567
2020-03-27,115.8068,34.2413,70.2881,83.3385
2020-03-30,119.3194,34.878,70.3617,83.3385
2020-03-31,117.6133,34.6961,69.7082,83.3476
2020-04-01,112.1847,33.3731,70.0684,83.3403
2020-04-02,114.5203,34.1421,70.3958,83.3494
2020-04-03,112.5679,33.431,70.3631,83.3221
2020-04-06,120.4416,35.1426,70.5841,83.3312
2020-04-07,120.5785,35.3824,70.6496,83.313
2020-04-08,124.8119,35.7297,70.8296,83.3221
2020-04-09,127.1475,36.3003,71.6073,83.3039
2020-04-13,125.633,36.168,71.3781,83.3221
2020-04-14,129.4467,36.8047,71.3781,83.3312
2020-04-15,126.4085,35.7711,71.7301,83.3221
2020-04-16,127.0015,35.7793,71.771,83.313
2020-04-17,130.5962,36.7137,71.6728,83.3312
2020-04-20,128.4796,36.1845,71.5582,83.3221
2020-04-21,124.4925,35.4072,71.6482,83.3221
2020-04-22,127.3026,36.1266,71.5909,83.3221
2020-04-23,127.3208,36.044,71.7055,83.3312
2020-04-24,129.2186,36.3416,71.6809,83.3221
2020-04-27,131.5086,36.8543,71.4272,83.3221
2020-04-28,131.0981,37.1189,71.64,83.3221
2020-04-29,134.8114,38.0946,71.6891,83.313
2020-04-30,133.0596,37.3339,71.6319,83.3312
2020-05-01,129.3828,36.4326,71.6023,83.3167
2020-05-04,129.8755,36.4905,71.6761,83.3167
2020-05-05,131.0798,36.6228,71.6105,83.3167
2020-05-06,130.359,36.4739,71.2906,83.3257
2020-05-07,132.0652,36.9204,71.5203,83.3167
2020-05-08,134.5468,37.5323,71.3152,83.3167
2020-05-11,134.5651,37.4993,71.0938,83.3257
2020-05-12,131.7002,37.1189,71.3234,83.3257
2020-05-13,129.0544,36.846,71.4054,83.3257
2020-05-14,130.4412,36.6889,71.6023,83.3349
2020-05-15,131.2258,36.5649,71.6433,83.3167
2020-05-18,135.5778,37.9871,71.5121,83.3167
2020-05-19,134.1363,37.5985,71.6023,83.3167
2020-05-20,136.6179,38.2352,71.791,83.3167
2020-05-21,135.7967,37.8548,71.8648,83.3257
2020-05-22,136.18,37.582,71.8894,83.3167
2020-05-26,138.0777,38.6238,71.8484,83.3257
2020-05-27,140.2582,38.9794,71.8812,83.3167
2020-05-28,139.7747,39.153,71.9058,83.3167
2020-05-29,140.24,39.2027,72.1108,83.3167
2020-06-01,141.1889,40.0461,72.0525,83.3257
2020-06-02,142.2563,40.6414,72.11,83.3283
2020-06-03,144.4734,41.5179,71.9456,83.3299
2020-06-04,144.0172,41.2285,71.7731,83.3299
2020-06-05,147.7123,42.0306,71.7648,83.3257
2020-06-08,149.7195,42.5185,71.8388,83.3257
2020-06-09,148.3509,42.0554,71.8881,83.3257
2020-06-10,147.2469,42.0058,72.1922,83.3299
2020-06-11,138.5612,39.7401,72.0607,83.3299
2020-06-12,140.4772,40.5091,72.1346,83.3299
2020-06-15,141.9826,40.5505,72.2826,83.3299
2020-06-16,144.7105,41.0135,72.1922,83.3299
2020-06-17,144.008,41.121,72.2086,83.3341
2020-06-18,144.1267,41.0301,72.2908,83.3374
2020-06-19,143.3147,40.8647,72.3155,83.3383
2020-06-22,144.3091,41.39,72.2908,83.3341
2020-06-23,144.8748,41.6393,72.2579,83.3341
2020-06-24,140.9425,40.7417,72.2661,83.3341
2020-06-25,142.6472,41.1572,72.3401,83.3341
2020-06-26,139.3294,40.617,72.4715,83.3299
2020-06-29,141.3733,40.9412,72.5209,83.3383
2020-06-30,143.4629,40.8664,72.5949,83.3383
2020-07-01,144.2969,41.0741,72.613,83.3349
2020-07-02,144.8744,41.6809,72.7282,83.3399
2020-07-06,147.1565,42.6117,72.7035,83.3349
2020-07-07,145.6625,42.0216,72.8188,83.3349
2020-07-08,146.8541,42.5618,72.7776,83.3349
2020-07-09,145.9467,42.1878,72.9752,83.3433
2020-07-10,147.5139,42.4039,72.8929,83.3466
2020-07-13,145.9192,42.1297,72.9258,83.3433
2020-07-14,147.8348,42.6034,73.0164,83.3391
2020-07-15,149.6678,42.9774,73.0246,83.3391
2020-07-16,148.9987,42.5951,73.074,83.3391
2020-07-17,149.5669,42.8361,73.148,83.3391
2020-07-20,150.7126,43.127,73.2222,83.3391
2020-07-21,151.1434,43.368,73.2634,83.3391
2020-07-22,151.9315,43.3847,73.3621,83.3391
2020-07-23,150.2727,43.0522,73.428,83.3391
2020-07-24,149.1087,42.8943,73.4115,83.3391
2020-07-27,150.3918,43.5093,73.3621,83.3391
2020-07-28,149.292,43.2018,73.3951,83.3391
2020-07-29,151.2717,43.7504,73.5103,83.3433
2020-07-30,150.9326,43.2018,73.5515,83.3391
2020-07-31,151.7024,42.5618,73.6503,83.3433
2020-08-03,153.0222,43.1769,73.6247,83.3441
2020-08-04,153.6272,43.5093,73.7814,83.3441
2020-08-05,154.7453,43.767,73.6824,83.3441
2020-08-06,155.4968,43.9,73.7979,83.3441
2020-08-07,155.6252,43.5093,73.7154,83.3483
2020-08-10,156.0559,43.6423,73.633,83.3441
2020-08-11,154.8003,43.742,73.3773,83.3441
2020-08-12,156.8716,44.5399,73.1876,83.3483
2020-08-13,156.7525,44.3488,72.9484,83.3483
2020-08-14,156.7066,44.1327,72.866,83.3524
2020-08-17,157.3757,44.5482,72.9567,83.3524
2020-08-18,157.6141,44.5316,73.0556,83.3483
2020-08-19,156.9999,44.2573,72.9319,83.3541
2020-08-20,157.449,44.141,73.0556,83.3483
2020-08-21,157.8431,44.0412,73.2123,83.3483
2020-08-24,159.3554,44.5482,73.1299,83.3483
2020-08-25,159.887,44.7145,72.9897,83.3524
2020-08-26,161.3351,44.9472,72.9484,83.3399
2020-08-27,161.72,44.5565,72.6845,83.3566
2020-08-28,162.8473,44.9638,72.7423,83.3483
2020-08-31,162.4807,44.4485,72.9567,83.3483
2020-09-01,163.9197,44.7145,73.1574,83.3374
2020-09-02,166.1102,45.0885,73.3144,83.3457
2020-09-03,160.3361,44.1077,73.3227,83.3499
2020-09-04,158.9704,44.1992,72.8931,83.3499
2020-09-08,154.507,43.5675,73.0005,83.3499
2020-09-09,157.5315,44.3072,72.9509,83.3541
2020-09-10,154.9469,43.7587,72.9674,83.3499
2020-09-11,155.0019,44.1659,73.0418,83.3499
2020-09-14,157.4215,44.5482,73.0418,83.3499
2020-09-15,158.3197,44.8557,73.0831,83.3499
2020-09-16,157.7973,44.7893,73.0666,83.3499
2020-09-17,156.4958,44.7726,73.0666,83.3499
2020-09-18,154.9744,44.4402,72.9839,83.3499
2020-09-21,153.1047,43.5946,73.0252,83.3499
2020-09-22,154.6262,43.5109,73.05,83.3499
2020-09-23,150.8959,42.984,72.8848,83.3499
2020-09-24,151.2167,42.9087,72.8931,83.3499
2020-09-25,153.6499,43.0676,72.8848,83.3541
2020-09-28,156.4384,43.6531,72.9509,83.3541
2020-09-29,155.5641,43.5946,73.0005,83.3541
2020-09-30,156.7328,43.6364,72.8848,83.3541
2020-10-01,158.0396,43.9877,72.9593,83.3541
2020-10-02,156.8064,43.7953,72.9096,83.3499
2020-10-05,159.6317,44.4394,72.6365,83.3574
2020-10-06,157.6623,44.1215,72.7359,83.3541
2020-10-07,160.414,44.5648,72.6365,83.3541
2020-10-08,161.822,44.8743,72.7607,83.3541
2020-10-09,163.184,45.1838,72.7772,83.3541
2020-10-12,165.6044,45.4514,72.8848,83.3541
2020-10-13,164.7301,45.0583,72.9427,83.3541
2020-10-14,163.6349,44.9078,72.9841,83.3541
2020-10-15,163.6902,44.4394,72.9427,83.3541
2020-10-16,163.3957,44.6234,72.8848,83.3541
2020-10-19,161.0582,44.4226,72.8186,83.3541
2020-10-20,161.6195,44.7572,72.6945,83.3541
2020-10-21,161.0674,44.6317,72.6117,83.3541
2020-10-22,162.2085,44.6401,72.4875,83.3541
2020-10-23,162.7423,44.891,72.5786,83.3582
2020-10-26,159.7882,44.1382,72.6862,83.3582
2020-10-27,159.144,43.9793,72.86,83.3582
2020-10-28,153.8707,42.7247,72.7607,83.3582
2020-10-29,155.3248,42.984,72.6034,83.3582
2020-10-30,153.6776,42.6327,72.4793,83.3582
2020-11-02,155.2788,43.2265,72.5796,83.3624
2020-11-03,158.2605,44.063,72.563,83.3582
2020-11-04,161.7115,44.7488,73.0604,83.3582
2020-11-05,165.0521,45.7191,73.135,83.3582
2020-11-06,164.9694,45.8613,72.9692,83.3582
2020-11-09,166.9296,46.8232,72.6294,83.3624
2020-11-10,166.6534,46.9737,72.4884,83.3582
2020-11-11,168.0063,47.2999,72.5381,83.3582
2020-11-12,166.3497,46.6642,72.7786,83.3582
2020-11-13,168.7057,47.3167,72.8034,83.3582
2020-11-16,170.7671,47.9105,72.8449,83.3582
2020-11-17,170.3806,47.9105,72.9692,83.3582
2020-11-18,168.5769,47.6847,73.0521,83.3624
2020-11-19,169.5155,47.9607,73.2014,83.3582
2020-11-20,168.6228,48.1113,73.2677,83.3582
2020-11-23,170.0033,48.1782,73.2096,83.3624
2020-11-24,172.6353,48.8891,73.135,83.3624
2020-11-25,172.5709,48.7219,73.1019,83.3541
2020-11-27,173.1783,49.0815,73.2594,83.3624
2020-11-30,171.8162,48.0109,73.3589,83.3624
2020-12-01,173.9973,49.0983,73.1371,83.3582
2020-12-02,174.1445,49.1317,73.0126,83.3582
2020-12-03,174.4942,49.3575,73.1538,83.3624
2020-12-04,176.2428,49.8092,72.9628,83.3624
2020-12-07,176.0495,49.5583,73.0624,83.3582
2020-12-08,176.8133,49.6838,73.0873,83.3582
2020-12-09,175.0741,49.6252,72.9628,83.3582
2020-12-10,175.3317,49.8427,73.1122,83.3624
2020-12-11,175.0188,49.6001,73.2285,83.3624
2020-12-14,174.5219,49.6085,73.2036,83.3624
2020-12-15,176.9146,50.1438,73.2368,83.3624
2020-12-16,177.1631,50.2692,73.1621,83.3708
2020-12-17,178.5527,50.6205,73.1786,83.3674
2020-12-18,178.0465,50.4198,73.1538,83.3674
2020-12-21,177.5312,49.7947,73.1621,83.3674
2020-12-22,177.568,49.6511,73.2783,83.3674
2020-12-23,177.8717,50.1157,73.1958,83.3633
2020-12-24,178.1692,50.1411,73.3208,83.3633
2020-12-28,179.2965,50.4451,73.2958,83.3633
2020-12-29,178.548,50.8675,73.3208,83.3633
2020-12-30,179.0286,51.1462,73.3708,83.3674
2020-12-31,179.8509,50.8168,73.4707,83.3674
2021-01-04,177.2914,51.1209,73.3708,83.3674
2021-01-05,178.7236,51.8642,73.2458,83.3674
2021-01-06,180.3314,52.143,72.9209,83.3633
2021-01-07,183.2235,52.3626,72.771,83.3674
2021-01-08,184.1107,53.0299,72.7043,83.3674
2021-01-11,183.0111,52.3288,72.6294,83.3674
2021-01-12,183.6579,52.5991,72.6127,83.3674
2021-01-13,183.8611,52.5907,72.8043,83.3633
2021-01-14,183.6856,53.0552,72.7126,83.3633
2021-01-15,182.0871,52.2443,72.771,83.3674
2021-01-19,183.7503,52.7681,72.871,83.3633
2021-01-20,186.0696,53.3425,72.8626,83.3674
2021-01-21,185.931,53.41,72.7626,83.3674
2021-01-22,185.626,53.0468,72.7959,83.3674
2021-01-25,186.1527,53.1228,72.9626,83.3716
2021-01-26,185.4782,53.0215,72.9542,83.3716
2021-01-27,181.0244,51.7882,72.9542,83.3716
2021-01-28,182.4474,52.1514,72.8959,83.3716
2021-01-29,179.2503,50.9435,72.8376,83.3716
2021-02-01,182.3088,51.8642,72.8618,83.3716
2021-02-02,184.9238,52.4893,72.77,83.3674
2021-02-03,185.201,52.6836,72.6449,83.3674
2021-02-04,187.548,52.7343,72.6616,83.3674
2021-02-05,188.6014,53.0975,72.5614,83.3716
2021-02-08,190.2924,53.4269,72.6449,83.3716
2021-02-09,190.3663,53.7901,72.6115,83.3674
2021-02-10,190.2831,53.7226,72.7283,83.3716
2021-02-11,190.7359,54.128,72.6532,83.3716
2021-02-12,191.7246,54.3899,72.4613,83.3716
2021-02-16,191.3827,54.6348,72.1192,83.3716
2021-02-17,190.9854,54.3983,72.2693,83.3674
2021-02-18,189.8857,53.9422,72.2276,83.3716
2021-02-19,190.3201,54.2463,71.9773,83.3716
2021-02-22,188.509,53.6719,71.777,83.3716
2021-02-23,188.4812,53.807,71.7604,83.3716
2021-02-24,190.5972,53.8239,71.7187,83.3757
2021-02-25,185.6168,52.8525,71.0928,83.3674
2021-02-26,184.8776,52.1176,71.7103,83.3716
2021-03-01,189.627,53.258,71.6175,83.3841
2021-03-02,187.8437,53.0468,71.6092,83.3841
2021-03-03,185.1363,52.7934,71.3836,83.3674
2021-03-04,182.2072,52.1176,71.1579,83.3757
2021-03-05,185.4967,52.5062,71.1161,83.3757
2021-03-08,184.5911,51.9571,70.7902,83.3757
2021-03-09,187.4556,52.7596,71.0242,83.3716
2021-03-10,188.7954,52.9032,71.1579,83.3757
2021-03-11,191.2626,53.6465,71.1663,83.3716
2021-03-12,191.6414,53.4776,70.7401,83.3716
2021-03-15,192.9812,53.5874,70.8236,83.3757
2021-03-16,192.205,53.7141,70.8153,83.3799
2021-03-17,192.935,53.9337,70.7902,83.3799
2021-03-18,189.4238,53.3002,70.4977,83.3757
2021-03-19,189.664,53.5705,70.5562,83.3799
2021-03-22,190.6897,53.5663,70.7568,83.3766
2021-03-23,188.5182,52.7534,70.9156,83.3824
2021-03-24,186.9566,52.1861,71.0242,83.3799
2021-03-25,188.3398,52.5248,70.9741,83.3757
2021-03-26,191.4178,53.3885,70.8487,83.3799
2021-03-29,190.5185,53.0921,70.7568,83.3716
2021-03-30,190.4629,53.109,70.832,83.3799
2021-03-31,191.6218,53.0921,70.7986,83.3716
2021-04-01,194.023,53.8118,71.0264,83.3807
2021-04-05,196.2851,54.4046,70.9175,83.3766
2021-04-06,196.3592,54.0913,71.1688,83.3849
2021-04-07,196.1924,53.9643,71.085,83.3766
2021-04-08,197.3327,54.303,71.2442,83.3849
2021-04-09,198.5287,54.2945,71.1521,83.3766
2021-04-12,198.5843,53.9727,71.1353,83.3766
2021-04-13,199.1405,54.286,71.3195,83.3807
2021-04-14,198.6955,54.43,71.2693,83.3807
2021-04-15,200.8093,54.8026,71.5708,83.3807
2021-04-16,201.3192,55.1667,71.3782,83.3849
2021-04-19,200.0027,54.9973,71.3363,83.3849
2021-04-20,198.1671,54.2352,71.4536,83.3807
2021-04-21,200.5312,54.7518,71.529,83.3766
2021-04-22,198.9644,54.5231,71.5625,83.3849
2021-04-23,201.3748,55.1413,71.5708,83.3849
2021-04-26,202.1073,55.209,71.5205,83.3766
2021-04-27,202.0145,55.1243,71.3363,83.3766
2021-04-28,201.9867,55.353,71.3698,83.3807
2021-04-29,202.7562,55.3445,71.3112,83.3849
2021-04-30,201.2728,54.5655,71.4117,83.3849
2021-05-03,201.6252,55.0312,71.4293,83.3883
2021-05-04,200.114,54.3199,71.5216,83.3799
2021-05-05,200.0769,54.8788,71.5635,83.3841
2021-05-06,201.0967,55.3021,71.5971,83.3841
2021-05-07,202.8026,55.9542,71.6055,83.3816
2021-05-10,200.4199,55.4969,71.4377,83.3883
2021-05-11,198.8068,54.8957,71.2951,83.3799
2021-05-12,194.3289,53.8203,71.0434,83.3841
2021-05-13,196.4705,54.1082,71.186,83.3799
2021-05-14,199.8266,55.0142,71.3538,83.3841
2021-05-17,199.4001,54.9296,71.2867,83.3799
2021-05-18,197.8426,55.2598,71.2112,83.3841
2021-05-19,197.2678,54.8703,71.1357,83.3799
2021-05-20,199.4094,55.463,71.3706,83.3799
2021-05-21,199.2981,55.3106,71.3873,83.3799
2021-05-24,201.31,55.7086,71.4713,83.3866
2021-05-25,200.7537,55.861,71.6558,83.3883
2021-05-26,201.4768,55.988,71.6306,83.3841
2021-05-27,201.8476,56.115,71.53,83.3799
2021-05-28,202.1907,56.2421,71.5216,83.3883
2021-06-01,202.2741,56.7755,71.5166,83.3857
2021-06-02,202.543,56.9025,71.5922,83.3857
2021-06-03,201.6437,56.4707,71.4577,83.3816
2021-06-04,203.3959,57.0126,71.7434,83.3816
2021-06-07,203.5628,57.055,71.693,83.3833
2021-06-08,203.98,56.9618,71.8274,83.3899
2021-06-09,203.4052,56.7671,71.9702,83.3857
2021-06-10,204.3045,57.0211,72.1215,83.3857
2021-06-11,204.9071,57.0888,72.1047,83.3857
2021-06-14,205.2223,57.1566,71.9198,83.3857
2021-06-15,204.6846,57.1058,71.9198,83.3857
2021-06-16,203.6648,56.6146,71.7182,83.3857
2021-06-17,203.4701,56.3521,71.9618,83.3833
2021-06-18,200.9484,55.4546,72.1887,83.3774
2021-06-21,203.7204,56.0989,71.9366,83.3774
2021-06-22,204.8793,56.0904,72.0375,83.3899
2021-06-23,204.7958,55.9197,71.987,83.3816
2021-06-24,206.1861,56.4233,72.0206,83.3816
2021-06-25,206.9579,56.6793,71.8862,83.3899
2021-06-28,207.1904,56.4489,72.0794,83.3816
2021-06-29,207.1998,56.4318,72.1131,83.3857
2021-06-30,207.209,56.0563,72.1635,83.3857
2021-07-01,208.3343,56.1075,72.1567,83.3841
2021-07-02,209.4874,56.1843,72.283,83.3841
2021-07-06,209.0317,55.7234,72.5438,83.3874
2021-07-07,209.3107,55.9026,72.6953,83.3833
2021-07-08,207.5438,55.0492,72.7626,83.3833
2021-07-09,210.0546,55.9965,72.5354,83.3833
2021-07-12,210.6405,56.116,72.5102,83.3833
2021-07-13,209.4688,55.9538,72.283,83.3874
2021-07-14,209.1805,56.0477,72.527,83.3833
2021-07-15,208.4459,55.7575,72.7037,83.3833
2021-07-16,206.8092,55.3308,72.6364,83.3874
2021-07-19,203.8706,54.392,73.0487,83.3874
2021-07-20,207.395,54.7078,72.973,83.3833
2021-07-21,209.2549,55.4076,72.7374,83.3916
2021-07-22,209.4316,55.4759,72.8972,83.3874
2021-07-23,211.5239,55.5357,72.8131,83.3916
2021-07-26,211.9517,55.3052,72.771,83.3841
2021-07-27,210.8079,54.8187,72.9561,83.3874
2021-07-28,211.1333,55.4076,73.0235,83.3916
2021-07-29,212.0633,55.749,72.8972,83.3908
2021-07-30,210.8079,55.4247,73.0067,83.3874
2021-08-02,210.5103,55.6551,73.1803,83.3807
2021-08-03,212.0168,56.0221,73.1971,83.3891
2021-08-04,211.0683,55.9709,73.1971,83.3933
2021-08-05,212.5748,56.1331,73.0286,83.3891
2021-08-06,212.8352,55.8685,72.683,83.3891
2021-08-09,212.7515,55.877,72.5481,83.3849
2021-08-10,212.891,55.9795,72.4386,83.3849
2021-08-11,213.3094,56.3209,72.4892,83.3849
2021-08-12,213.9046,56.1331,72.4976,83.3807
2021-08-13,214.0255,56.3209,72.7841,83.3891
2021-08-16,214.1092,55.9453,72.8516,83.3933
2021-08-17,212.519,55.2625,72.7757,83.3766
2021-08-18,210.3987,55.1516,72.7589,83.3891
2021-08-19,210.2406,54.5029,72.919,83.3849
2021-08-20,212.1284,54.648,72.9021,83.3933
2021-08-23,214.1836,55.2369,72.919,83.3849
2021-08-24,214.9461,55.7405,72.7757,83.3891
2021-08-25,215.5599,55.7917,72.6577,83.3849
2021-08-26,214.1185,55.4162,72.6661,83.3891
2021-08-27,216.4247,56.0221,72.8769,83.3891
2021-08-30,217.2431,56.0392,72.9611,83.3891
2021-08-31,216.8339,56.2355,72.8684,83.3891
2021-09-01,217.2152,56.7305,72.8811,83.3916
2021-09-02,217.9498,56.8841,72.9824,83.3891
2021-09-03,217.8754,57.1829,72.8304,83.3916
2021-09-07,216.9362,57.1658,72.6194,83.3958
2021-09-08,216.4247,56.5854,72.7376,83.3916
2021-09-09,215.6715,56.5342,72.9993,83.3849
2021-09-10,213.9604,56.4318,72.822,83.3958
2021-09-13,214.4439,56.7988,72.9317,83.3916
2021-09-14,213.1514,56.5086,73.109,83.3874
2021-09-15,214.9089,56.6452,73.0415,83.3958
2021-09-16,214.7136,56.3721,72.9064,83.3958
2021-09-17,212.9932,55.7661,72.8135,83.3916
2021-09-20,209.3014,54.5964,73.0161,83.3891
2021-09-21,209.2828,55.0856,72.9993,83.3916
2021-09-22,211.3938,55.5232,73.0752,83.3916
2021-09-23,213.9697,56.081,72.687,83.3883
2021-09-24,214.2253,55.549,72.535,83.3916
2021-09-27,213.7589,55.6348,72.4506,83.3916
2021-09-28,209.281,54.5621,72.1383,83.3874
2021-09-29,209.421,54.3304,72.1467,83.3958
2021-09-30,207.1541,54.2875,72.1298,83.3916
2021-10-01,210.0087,54.4419,72.375,83.3857
2021-10-04,206.8462,53.8755,72.3243,83.3908
2021-10-05,208.7773,54.2016,72.1467,83.3941
2021-10-06,209.6449,53.8841,72.1805,83.3857
2021-10-07,211.6599,54.502,71.9776,83.3857
2021-10-08,211.1935,54.5707,71.8001,83.3949
2021-10-11,209.6729,54.4076,71.6902,83.3899
2021-10-12,209.5236,54.3733,71.9523,83.3899
2021-10-13,210.4751,54.9912,72.1467,83.3899
2021-10-14,213.9734,55.4546,72.2735,83.3899
2021-10-15,215.2421,55.9351,72.096,83.3899
2021-10-18,216.0258,55.7635,72.0537,83.3974
2021-10-19,217.6023,56.2098,71.8509,83.3899
2021-10-20,218.4512,56.3556,71.7663,83.3899
2021-10-21,219.0482,56.021,71.6649,83.3983
2021-10-22,218.6285,56.1926,71.817,83.3949
2021-10-25,219.9718,56.2527,71.8509,83.3816
2021-10-26,219.8878,56.2098,71.9946,83.3899
2021-10-27,218.3859,55.9094,72.2566,83.3841
2021-10-28,220.7181,56.3213,72.1636,83.3857
2021-10-29,221.0073,55.8493,72.1805,83.3899
2021-11-01,222.1081,56.39,72.1247,83.3924
2021-11-02,222.7984,56.1068,72.2601,83.4008
2021-11-03,224.3749,56.4758,72.1331,83.4008
2021-11-04,225.2239,56.4157,72.4634,83.3924
2021-11-05,226.0915,56.5359,72.6835,83.3924
2021-11-08,226.4646,56.7161,72.5226,83.3966
2021-11-09,225.8116,56.5444,72.7258,83.3924
2021-11-10,223.5914,55.9781,72.2347,83.4008
2021-11-11,223.8619,56.3471,72.1162,83.3924
2021-11-12,225.5224,56.6732,72.1247,83.3924
2021-11-15,225.5224,56.553,71.8283,83.3924
2021-11-16,226.4926,56.4329,71.7775,83.3841
2021-11-17,225.5597,56.3042,71.9299,83.3924
2021-11-18,225.9142,56.1497,72.0146,83.3924
2021-11-19,225.2705,55.7893,72.167,83.3924
2021-11-22,224.1884,55.4374,71.8113,83.3924
2021-11-23,224.263,55.4031,71.5235,83.3974
2021-11-24,225.0187,55.18,71.6928,83.4008
2021-11-26,220.1491,53.6009,72.2009,83.3924
2021-11-29,222.22,53.8326,72.1924,83.3966
2021-11-30,217.7795,53.4722,72.3279,83.3924
2021-12-01,214.7104,53.2148,72.3745,83.3907
2021-12-02,218.1993,53.9185,72.383,83.3907
2021-12-03,215.6712,53.5323,72.6629,83.3949
2021-12-06,218.4419,54.0558,72.4678,83.3949
2021-12-07,223.1156,55.0941,72.3067,83.3932
2021-12-08,224.0764,55.2229,72.0862,83.3907
2021-12-09,221.9401,54.8109,72.1201,83.3949
2021-12-10,223.4514,54.8968,72.1455,83.3991
2021-12-13,221.4178,54.2274,72.3915,83.3991
2021-12-14,219.7572,54.0129,72.2728,83.3949
2021-12-15,223.1436,54.4591,72.1795,83.3949
2021-12-16,220.6434,54.5278,72.2728,83.4033
2021-12-17,219.636,53.9528,72.3999,83.3991
2021-12-20,216.5482,53.5877,72.2812,83.3949
2021-12-21,220.7927,54.3021,72.2049,83.3983
2021-12-22,222.9757,54.79,72.2812,83.3991
2021-12-23,224.5149,55.0949,72.1715,83.4066
2021-12-27,227.463,55.4957,72.2055,83.3991
2021-12-28,226.9949,55.4347,72.197,83.3991
2021-12-29,227.126,55.3824,71.9588,83.3949
2021-12-30,226.7609,55.4608,72.1204,83.3949
2021-12-31,226.04,55.3824,72.1034,83.4033
2022-01-03,227.4724,55.7396,71.6184,83.3991
2022-01-04,227.0417,55.8093,71.61,83.3916
2022-01-05,222.1172,55.2517,71.3632,83.3949
2022-01-06,222.0611,55.0949,71.2867,83.3991
2022-01-07,221.0499,55.3389,71.091,83.4033
2022-01-10,220.6661,54.9294,71.0314,83.3991
2022-01-11,222.8662,55.7135,71.1761,83.3991
2022-01-12,223.2126,56.3669,71.1505,83.3983
2022-01-13,219.9452,55.879,71.2697,83.3949
2022-01-14,220.0295,55.8267,70.8783,83.4033
2022-01-18,215.751,54.9991,70.4359,83.4049
2022-01-19,213.4854,55.0427,70.606,83.4033
2022-01-20,210.995,54.8859,70.6826,83.3991
2022-01-21,206.8195,54.0931,70.9463,83.3991
2022-01-24,208.1489,53.4658,70.8357,83.3908
2022-01-25,205.2373,53.2654,70.7422,83.4008
2022-01-26,204.4415,52.9256,70.3508,83.4033
2022-01-27,202.9248,52.551,70.5805,83.3991
2022-01-28,207.9242,52.8037,70.6656,83.4066
2022-01-31,212.3432,53.8143,70.6145,83.4033
2022-02-01,213.9628,54.276,70.5864,83.4066
2022-02-02,215.3765,54.5548,70.6887,83.4007
2022-02-03,210.2554,53.823,70.3904,83.4007
2022-02-04,211.6504,53.9101,69.9558,83.3999
2022-02-07,211.1167,53.9885,70.0155,83.4049
2022-02-08,213.0547,54.3021,69.7854,83.4033
2022-02-09,216.5187,55.1908,69.8365,83.4049
2022-02-10,212.8487,54.5635,69.1974,83.4007
2022-02-11,208.72,53.8143,69.649,83.3924
2022-02-14,207.9523,53.4919,69.257,83.4007
2022-02-15,211.6504,54.4677,69.1122,83.4007
2022-02-16,211.8469,54.7116,69.2059,83.4091
2022-02-17,207.0347,53.9537,69.3593,83.4091
2022-02-18,205.3777,53.6139,69.4786,83.4091
2022-02-22,203.0184,52.9779,69.436,83.4016
2022-02-23,199.283,52.4552,69.0866,83.4091
2022-02-24,202.775,51.7844,69.24,83.4007
2022-02-25,207.2876,52.9605,69.2996,83.4091
2022-02-28,207.0629,52.2809,69.811,83.4091
2022-03-01,203.8329,51.3052,70.1771,83.4158
2022-03-02,207.6995,51.8454,69.315,83.4074
2022-03-03,206.1173,51.0526,69.6223,83.4116
2022-03-04,204.0577,49.8677,69.8698,83.4158
2022-03-07,197.7663,48.2821,69.5284,83.4158
2022-03-08,196.6522,48.5609,69.2041,83.4158
2022-03-09,202.1103,50.2336,69.0163,83.4074
2022-03-10,201.2022,49.6063,68.6493,83.4158
2022-03-11,198.4684,49.0139,68.5981,83.4158
2022-03-14,196.5117,48.9442,67.9665,83.4158
2022-03-15,200.6123,49.284,68.0774,83.4074
2022-03-16,205.6305,51.4185,68.1798,83.4158
2022-03-17,208.383,51.6798,68.2396,83.4158
2022-03-18,210.8171,52.2809,68.4359,83.4158
2022-03-21,210.6205,51.897,67.736,83.4158
2022-03-22,213.2045,52.4555,67.5653,83.4199
2022-03-23,210.3006,51.9144,67.8726,83.4241
2022-03-24,213.2965,52.2722,67.7872,83.4241
2022-03-25,214.2074,52.2373,67.1898,83.4158
2022-03-28,215.5974,52.1413,67.3861,83.4158
2022-03-29,218.8656,53.1623,67.6848,83.4241
2022-03-30,217.0906,52.9791,67.8384,83.4325
2022-03-31,213.8131,52.1326,67.8896,83.4325
2022-04-01,214.6676,52.6998,67.7425,83.4308
2022-04-04,216.4896,53.1274,67.7938,83.4308
2022-04-05,213.3247,52.4031,67.1093,83.4258
2022-04-06,210.8735,51.7486,66.9039,83.4266
2022-04-07,211.6718,51.7137,66.767,83.4308
2022-04-08,211.0144,51.7312,66.4077,83.4308
2022-04-11,207.718,51.1203,66.0996,83.4308
2022-04-12,207.0794,50.841,66.3135,83.4308
2022-04-13,209.7935,51.4432,66.3905,83.4349
2022-04-14,207.2391,51.1029,65.937,83.4375
2022-04-18,206.8822,50.9109,65.7231,83.4391
2022-04-19,210.5261,51.0156,65.3124,83.4391
2022-04-20,210.2537,51.1988,65.7231,83.4391
2022-04-21,206.8165,50.5356,65.3723,83.4391
2022-04-22,201.1817,49.7502,65.2867,83.4391
2022-04-25,202.2804,49.4099,65.6975,83.4433
2022-04-26,196.5141,48.1445,65.8686,83.4475
2022-04-27,196.8992,48.4674,65.6632,83.4475
2022-04-28,201.6982,49.183,65.6376,83.4558
2022-04-29,194.2884,48.7467,65.1926,83.4558
2022-05-02,195.7534,48.5983,64.8592,83.4516
2022-05-03,196.6832,49.0172,65.0135,83.4516
2022-05-04,202.4494,49.7241,65.4335,83.4516
2022-05-05,194.9834,48.1358,64.782,83.46
2022-05-06,193.415,47.6384,64.5077,83.46
2022-05-09,186.5593,46.1811,64.7991,83.46
2022-05-10,186.935,46.4167,64.9877,83.46
2022-05-11,183.5541,46.1636,65.2106,83.46
2022-05-12,183.7513,45.9891,65.3392,83.46
2022-05-13,188.6723,47.2282,65.0992,83.46
2022-05-16,187.7426,47.2195,65.202,83.46
2022-05-17,191.7527,48.1882,64.8163,83.4683
2022-05-18,184.249,47.0799,65.0906,83.4683
2022-05-19,183.432,47.5948,65.2278,83.4767
2022-05-20,183.432,47.8653,65.4249,83.4683
2022-05-23,186.5687,48.5547,65.1935,83.4808
2022-05-24,184.6998,48.1707,65.725,83.485
2022-05-25,186.7565,48.2493,65.9907,83.485
2022-05-26,190.5788,48.8252,65.9221,83.4933
2022-05-27,195.4059,49.4448,66.1107,83.4933
2022-05-31,193.8,49.4884,65.7335,83.4933
2022-06-01,192.5228,49.0085,65.4398,83.4942
2022-06-02,196.4484,49.9859,65.4999,83.5025
2022-06-03,193.3116,49.2266,65.4054,83.5025
2022-06-06,193.8846,49.4448,65.0189,83.4942
2022-06-07,195.9883,49.5932,65.2423,83.4942
2022-06-08,193.7907,49.1917,64.976,83.4942
2022-06-09,189.1513,48.162,64.8901,83.5025
2022-06-10,183.5353,47.2021,64.3404,83.5025
2022-06-13,176.041,45.6138,63.3011,83.4942
2022-06-14,175.5432,45.5091,62.9576,83.4942
2022-06-15,178.0977,46.216,63.679,83.49
2022-06-16,171.8806,45.0204,63.8165,83.5109
2022-06-17,172.5286,44.8808,63.8508,83.5192
2022-06-21,176.7078,45.6479,63.5588,83.5359
2022-06-22,176.6796,45.1448,64.0827,83.5276
2022-06-23,178.2816,45.083,64.3919,83.5359
2022-06-24,184.0426,46.31,64.2717,83.5192
2022-06-27,183.4769,46.257,63.9625,83.5359
2022-06-28,179.6959,46.0187,63.9968,83.5359
2022-06-29,179.3942,45.7274,64.3662,83.5443
2022-06-30,177.8478,45.5596,64.641,83.5609
2022-07-01,179.7242,45.542,65.1565,83.5518
2022-07-05,180.3654,44.7034,65.2684,83.5601
2022-07-06,180.7237,44.6239,64.8725,83.5601
2022-07-07,183.7032,45.4007,64.6918,83.5685
2022-07-08,183.5146,45.4361,64.4766,83.5685
2022-07-11,181.1951,44.5533,64.7176,83.5685
2022-07-12,179.6299,44.4915,64.8295,83.5601
2022-07-13,178.8473,44.4385,65.036,83.5518
2022-07-14,178.0553,43.8383,64.8295,83.5768
2022-07-15,181.5157,44.3856,65.0619,83.5685
2022-07-18,180.2616,44.6681,64.864,83.5768
2022-07-19,185.2967,45.7274,64.8123,83.5852
2022-07-20,186.7959,45.4802,64.752,83.5852
2022-07-21,188.6439,45.9922,65.2856,83.5935
2022-07-22,186.5979,45.7627,65.8192,83.6102
2022-07-25,186.8524,46.0717,65.5782,83.6102
2022-07-26,184.5424,45.5332,65.5954,83.6019
2022-07-27,189.3888,46.5042,65.7761,83.6186
2022-07-28,191.8592,46.7867,66.2323,83.6186
2022-07-29,194.471,47.2193,66.1806,83.6019
2022-08-01,194.0184,47.0868,66.4678,83.6403
2022-08-02,192.9718,46.5042,65.7952,83.6445
2022-08-03,196.0739,46.8044,66.1229,83.6571
2022-08-04,195.8853,47.0515,66.2867,83.6654
2022-08-05,195.8193,46.822,65.5365,83.6654
2022-08-08,195.9984,46.9633,65.8297,83.6654
2022-08-09,194.7633,46.7161,65.6831,83.6821
2022-08-10,199.2043,47.6871,65.8642,83.6738
2022-08-11,199.2137,47.7577,65.4934,83.6905
2022-08-12,202.6647,48.1373,65.7952,83.6989
2022-08-15,203.4567,47.8637,65.8642,83.6989
2022-08-16,203.8905,47.8902,65.7779,83.7072
2022-08-17,202.0613,47.5547,65.3899,83.7156
2022-08-18,202.5893,47.3693,65.5106,83.7239
2022-08-19,199.6946,46.7337,65.0967,83.7239
2022-08-22,195.4233,46.0628,64.8035,83.7574
2022-08-23,195.0556,46.1864,64.7776,83.7323
2022-08-24,195.8759,46.2747,64.6138,83.7491
2022-08-25,198.714,46.8838,64.9674,83.7699
2022-08-26,192.1326,45.8157,64.838,83.7699
2022-08-29,190.7277,45.6832,64.5448,83.7741
2022-08-30,188.6062,45.2772,64.5966,83.7741
2022-08-31,187.2202,45.1006,64.3292,83.7825
2022-09-01,187.3333,44.6063,63.9802,83.8059
2022-09-02,185.4758,44.3326,64.1443,83.8059
2022-09-06,184.7215,44.0501,63.5654,83.8143
2022-09-07,188.1348,44.4297,64.0233,83.831
2022-09-08,189.6245,44.4474,63.8246,83.8478
2022-09-09,192.7738,45.4096,63.7987,83.8394
2022-09-12,194.8481,46.0099,63.7209,83.8394
2022-09-13,186.4753,44.465,63.4012,83.8645
2022-09-14,187.2013,44.6857,63.4789,83.8562
2022-09-15,185.2024,44.2443,63.2888,83.8813
2022-09-16,183.5146,43.9089,63.2197,83.8813
2022-09-19,184.8158,44.1219,63.1765,83.8897
2022-09-20,182.666,43.5005,62.8654,83.9064
2022-09-21,179.545,42.8791,63.0382,83.9148
2022-09-22,177.5367,42.7459,62.3901,83.9232
2022-09-23,174.4744,41.4498,62.2173,83.9399
2022-09-26,172.5617,40.8106,61.4223,83.9399
2022-09-27,172.3061,40.6153,61.1544,83.9483
2022-09-28,175.9326,41.3965,62.105,83.9483
2022-09-29,172.2776,40.7573,61.7852,83.9735
2022-09-30,169.9388,40.633,61.6384,83.9818
2022-10-03,174.2566,41.4942,62.1545,83.9877
2022-10-04,179.8528,42.9678,62.3104,83.9961
2022-10-05,179.5119,42.5861,61.9813,83.9961
2022-10-06,177.798,42.0002,61.7475,84.0212
2022-10-07,172.7132,41.2722,61.427,84.0296
2022-10-10,171.3402,40.9526,61.1499,84.0296
2022-10-11,170.2418,40.4111,61.1672,84.038
2022-10-12,169.7779,40.3489,61.2365,84.0212
2022-10-13,173.9915,40.997,61.02,84.0464
2022-10-14,169.8915,40.3489,60.7255,84.0632
2022-10-17,174.4271,41.3876,60.8555,84.0548
2022-10-18,176.5576,41.6007,60.994,84.0716
2022-10-19,175.052,41.0059,60.4917,84.0716
2022-10-20,173.537,41.0503,60.0847,84.0884
2022-10-21,177.5329,41.7605,60.1886,84.1051
2022-10-24,179.4456,41.2988,60.102,84.1135
2022-10-25,182.6935,42.0091,60.6736,84.1051
2022-10-26,181.5667,42.4973,60.9161,84.1051
2022-10-27,180.7145,42.1688,61.2365,84.1471
2022-10-28,184.9187,42.373,61.1153,84.1471
2022-10-31,183.7256,42.0179,60.9247,84.1471
2022-11-01,183.1574,42.4796,60.9881,84.1563
2022-11-02,178.3378,41.9469,60.8926,84.1731
2022-11-03,176.6333,41.796,60.6582,84.2068
2022-11-04,178.9059,43.394,60.6756,84.2152
2022-11-07,180.5346,43.5183,60.4412,84.2236
2022-11-08,181.4814,43.9888,60.7103,84.232
2022-11-09,177.5708,43.2786,60.7971,84.2572
2022-11-10,187.6173,45.4092,62.0558,84.2656
2022-11-11,189.53,46.3147,62.0558,84.274
2022-11-14,187.8161,45.8708,61.8562,84.274
2022-11-15,189.7194,46.3325,62.2901,84.274
2022-11-16,187.7878,45.9951,62.6461,84.2656
2022-11-17,187.0018,46.0306,62.3856,84.3077
2022-11-18,187.8825,45.9774,62.2815,84.3077
2022-11-21,187.087,45.5956,62.2815,84.3245
2022-11-22,189.5395,46.1372,62.6026,84.3497
2022-11-23,190.6947,46.6077,62.9846,84.3665
2022-11-25,190.8367,46.7142,62.9846,84.3749
2022-11-28,187.7404,46.1904,62.9065,84.3918
2022-11-29,187.4469,46.5544,62.6721,84.3918
2022-11-30,193.2229,47.4954,63.1582,84.4002
2022-12-01,193.3365,47.744,63.6845,84.4364
2022-12-02,193.1566,47.7884,63.9455,84.4449
2022-12-05,189.3596,47.1315,63.4409,84.4702
2022-12-06,186.5189,46.9184,63.6497,84.4871
2022-12-07,186.2159,46.8119,64.2066,84.4786
2022-12-08,187.8256,47.1492,64.0239,84.5208
2022-12-09,186.2538,47.0782,63.6497,84.5208
2022-12-12,188.9335,47.1137,63.6497,84.5376
2022-12-13,190.3443,47.673,64.0848,84.5461
2022-12-14,189.2838,47.6109,64.2413,84.5461
2022-12-15,184.5683,46.4745,64.2762,84.5774
2022-12-16,182.4567,46.2171,64.1109,84.5858
2022-12-19,180.6198,46.1622,63.728,84.5858
2022-12-20,180.9985,46.306,63.3104,84.6027
2022-12-21,183.735,46.7464,63.4583,84.6027
2022-12-22,181.129,46.3869,63.4496,84.6535
2022-12-23,182.128,46.4948,63.2508,84.6535
2022-12-27,181.3669,46.7464,62.7625,84.6789
2022-12-28,179.0834,46.1892,62.6752,84.6874
2022-12-29,182.3754,46.944,62.9107,84.7212
2022-12-30,181.9092,46.4768,62.6491,84.7212
2023-01-03,181.1671,46.7913,62.9805,84.7381
2023-01-04,182.775,47.5911,63.338,84.7296
2023-01-05,180.6342,47.1777,63.2682,84.7635
2023-01-06,184.6208,48.283,63.9659,84.7804
2023-01-09,184.6969,48.5436,64.1403,84.7804
2023-01-10,186.1527,48.7413,63.8874,84.7804
2023-01-11,188.6075,49.0378,64.2275,84.7804
2023-01-12,189.5208,49.6309,64.7246,84.8396
2023-01-13,190.3296,49.9095,64.5066,84.8481
2023-01-17,190.0727,49.9454,64.4194,84.8396
2023-01-18,187.0756,49.6759,65.0124,84.865
2023-01-19,185.5533,49.7747,64.8816,84.8819
2023-01-20,189.1117,50.269,64.5938,84.8988
2023-01-23,191.5094,50.5116,64.4368,84.8988
2023-01-24,191.1954,50.5206,64.7246,84.9242
2023-01-25,191.2906,50.7273,64.8031,84.9327
2023-01-26,193.2601,50.907,64.681,84.9581
2023-01-27,194.0403,50.7902,64.6112,84.9666
2023-01-30,191.4428,50.26,64.4281,84.9919
2023-01-31,194.5065,50.5116,64.7246,84.9919
2023-02-01,196.8756,50.9879,65.1407,85.0038
2023-02-02,199.8156,50.862,65.1844,85.0463
2023-02-03,197.751,50.26,64.6075,85.0548
2023-02-06,196.2667,49.7388,64.2054,85.0548
2023-02-07,198.7405,50.0802,64.118,85.0718
2023-02-08,196.6187,49.8556,64.2316,85.0803
2023-02-09,194.7063,49.9454,63.9694,85.1142
2023-02-10,195.0583,49.7118,63.6984,85.1227
2023-02-13,197.3799,50.1342,63.8732,85.1397
2023-02-14,197.456,50.1431,63.6546,85.1312
2023-02-15,198.3409,49.8915,63.5148,85.1567
2023-02-16,195.6958,49.6938,63.27,85.1907
2023-02-17,195.1249,49.6489,63.4099,85.1992
2023-02-21,191.0812,49.0648,62.8592,85.2162
2023-02-22,190.9195,48.7862,62.999,85.2331
2023-02-23,191.9376,49.0378,63.2264,85.2671
2023-02-24,189.7968,48.2291,62.8767,85.2756
2023-02-27,190.4723,48.6964,62.9816,85.2841
2023-02-28,189.8349,48.3549,62.999,85.3011
2023-03-01,190.2915,48.8491,62.6258,85.3079
2023-03-02,190.5865,48.957,62.4944,85.3505
2023-03-03,193.6882,49.577,62.9763,85.359
2023-03-06,193.4313,49.4692,62.8273,85.3505
2023-03-07,190.5484,48.6245,62.7572,85.376
2023-03-08,190.7958,48.8491,62.7047,85.3846
2023-03-09,187.028,48.283,62.9149,85.4101
2023-03-10,183.8787,47.8696,63.6684,85.4272
2023-03-13,183.1176,47.645,64.1766,85.4527
2023-03-14,186.381,48.0673,63.7736,85.4697
2023-03-15,184.9444,46.8182,64.4306,85.5038
2023-03-16,188.1413,47.4922,64.124,85.5208
2023-03-17,185.715,47.0249,64.5884,85.5293
2023-03-20,187.3325,47.6023,64.308,85.5379
2023-03-21,190.0061,48.1697,64.1328,85.5634
2023-03-22,186.6094,48.0436,64.7023,85.5549
2023-03-23,186.9495,48.2328,64.8512,85.589
2023-03-24,188.1245,48.1067,64.9826,85.623
2023-03-27,188.6021,48.3589,64.308,85.606
2023-03-28,188.3346,48.557,64.1941,85.6315
2023-03-29,191.0476,49.0164,64.2642,85.6401
2023-03-30,192.0794,49.5568,64.3518,85.6571
2023-03-31,194.9739,49.7279,64.6847,85.6656
2023-04-03,195.4897,50.0882,64.9596,85.6759
2023-04-04,194.181,50.0612,65.2231,85.693
2023-04-05,193.4741,49.7099,65.3988,85.7272
2023-04-06,194.1141,49.8811,65.3812,85.7528
2023-04-10,194.5535,49.9171,64.9421,85.7614
2023-04-11,194.7542,50.1423,64.9684,85.7614
2023-04-12,193.9326,50.2774,65.0387,85.7785
2023-04-13,196.4546,50.9349,65.0036,85.8297
2023-04-14,195.91,50.7277,64.7137,85.8383
2023-04-17,196.6934,50.7277,64.3624,85.8383
2023-04-18,196.7889,50.8899,64.459,85.8554
2023-04-19,196.8845,50.5836,64.3712,85.881
2023-04-20,195.6617,50.5746,64.6522,85.9152
2023-04-21,195.8336,50.5836,64.5381,85.9238
2023-04-24,195.91,50.6557,64.7927,85.9323
2023-04-25,192.643,49.854,65.2143,85.9323
2023-04-26,191.7737,49.9171,64.986,85.9323
2023-04-27,195.3751,50.5566,64.7049,85.9579
2023-04-28,197.0755,50.6647,65.065,85.9579
2023-05-01,196.98,50.5656,64.3959,85.9683
2023-05-02,194.5727,50.0342,65.0298,85.9854
2023-05-03,193.4359,50.0972,65.3027,85.9854
2023-05-04,191.9934,50.1873,65.2147,86.0283
2023-05-05,195.5375,50.9079,64.977,86.0369
2023-05-08,195.7477,50.9439,64.6688,86.0455
2023-05-09,194.9452,50.7097,64.5984,86.054
2023-05-10,195.805,50.6737,64.9946,86.0712
2023-05-11,195.547,50.4575,65.2059,86.1227
2023-05-12,195.0885,50.2323,64.8625,86.1399
2023-05-15,195.9196,50.7638,64.6953,86.1313
2023-05-16,194.4007,50.2864,64.5368,86.1571
2023-05-17,196.9227,50.5476,64.4223,86.1656
2023-05-18,198.881,50.3855,64.1582,86.1914
2023-05-19,198.4034,50.5566,63.9821,86.1999
2023-05-22,198.7473,50.7097,63.9645,86.2085
2023-05-23,196.6456,49.9711,64.0085,86.2257
2023-05-24,195.1267,49.3767,63.8324,86.2257
2023-05-25,196.4546,49.2506,63.5947,86.2772
2023-05-26,199.0434,49.827,63.6739,86.3029
2023-05-30,199.1102,49.3586,64.0965,86.3201
2023-05-31,197.9162,48.8903,64.3078,86.3201
2023-06-01,199.8936,49.6559,64.4818,86.3821
2023-06-02,203.1989,50.3855,64.1198,86.3821
2023-06-05,202.6639,50.1603,64.1287,86.3994
2023-06-06,203.5906,50.5836,64.2169,86.4252
2023-06-07,203.1893,50.2053,63.855,86.4338
2023-06-08,204.1446,50.6467,64.1728,86.4683
2023-06-09,204.3644,50.6827,64.0404,86.4769
2023-06-12,206.1985,50.8628,64.1728,86.4942
2023-06-13,207.7174,51.3402,63.8903,86.5028
2023-06-14,207.7174,51.5474,63.9433,86.52
2023-06-15,210.2489,52.0247,64.3405,86.5631
2023-06-16,209.456,51.8986,64.1993,86.5631
2023-06-20,208.4243,51.1411,64.2876,86.589
2023-06-21,207.278,51.1867,64.3935,86.5976
2023-06-22,207.832,50.9135,64.0845,86.6321
2023-06-23,206.1126,50.1214,64.2699,86.6493
2023-06-26,205.3935,50.2489,64.3493,86.6579
2023-06-27,207.8963,50.6768,64.2258,86.6665
2023-06-28,208.0689,50.6222,64.4288,86.6924
2023-06-29,209.0662,50.5311,63.9433,86.7269
2023-06-30,211.2333,51.0592,64.164,86.7269
2023-07-03,211.8662,51.2686,63.9817,86.7676
2023-07-05,211.2238,50.777,63.7162,86.7762
2023-07-06,209.3442,49.8665,63.3091,86.8108
2023-07-07,209.0853,50.349,63.2737,86.8195
2023-07-10,209.9963,50.431,63.4949,86.8281
2023-07-11,211.6457,50.9226,63.6277,86.8368
2023-07-12,213.2663,51.8695,64.1321,86.8541
2023-07-13,215.0691,52.607,64.5215,86.8887
2023-07-14,214.7526,52.3156,64.2206,86.8974
2023-07-17,215.5677,52.343,64.2914,86.9147
2023-07-18,217.2842,52.4977,64.371,86.9233
2023-07-19,217.85,52.4704,64.5215,86.9406
2023-07-20,216.2773,52.17,64.2206,86.9753
2023-07-21,216.2582,52.2519,64.2649,86.9839
2023-07-24,217.0253,52.3612,64.1587,87.0012
2023-07-25,217.5719,52.5615,64.0879,87.0099
2023-07-26,217.7349,52.7345,64.3002,87.0272
2023-07-27,216.0568,52.3976,63.7516,87.0618
2023-07-28,218.3102,53.044,63.9728,87.0791
2023-07-31,218.9719,53.044,64.0879,87.0791
2023-08-01,218.3774,52.4158,63.6912,87.0982
2023-08-02,215.28,51.3961,63.4872,87.1243
2023-08-03,214.6567,51.3323,63.0967,87.1504
2023-08-04,213.7458,51.4689,63.6202,87.1678
2023-08-07,215.3855,51.7511,63.5227,87.1764
2023-08-08,214.3882,51.3232,63.7533,87.1851
2023-08-09,212.8539,51.3688,63.7711,87.2112
2023-08-10,212.8923,51.5053,63.4162,87.2373
2023-08-11,212.6909,51.1047,63.2121,87.246
2023-08-14,213.7458,50.8771,63.1322,87.2721
2023-08-15,211.3197,50.2489,62.9903,87.2808
2023-08-16,209.5744,49.8574,62.8128,87.2982
2023-08-17,207.8579,49.6388,62.7507,87.3329
2023-08-18,208.0976,49.5569,62.8838,87.3416
2023-08-21,209.2963,49.7026,62.5821,87.3503
2023-08-22,208.7402,49.6115,62.662,87.359
2023-08-23,211.0224,50.2034,63.2298,87.3851
2023-08-24,208.1935,49.648,63.079,87.4199
2023-08-25,209.6127,49.912,63.079,87.4285
2023-08-28,210.9552,50.3763,63.1944,87.4459
2023-08-29,214.0239,51.0228,63.5848,87.4633
2023-08-30,214.9732,51.0046,63.5581,87.4633
2023-08-31,214.743,50.7132,63.6646,87.5068
2023-09-01,215.4526,50.9226,63.3585,87.5338
2023-09-05,214.1677,50.4856,63.0115,87.5426
2023-09-06,212.8252,50.3126,62.9403,87.56
2023-09-07,212.0964,50.0304,63.1539,87.6037
2023-09-08,212.3265,50.003,63.1717,87.6124
2023-09-11,213.6594,50.5675,63.0738,87.6211
2023-09-12,212.6238,50.3581,63.1183,87.6299
2023-09-13,212.6526,50.2489,63.2162,87.656
2023-09-14,214.4745,50.8043,63.1094,87.6823
2023-09-15,211.9526,50.6859,62.9849,87.6997
2023-09-18,211.9717,50.5074,63.0471,87.7085
2023-09-19,211.4347,50.4708,62.9137,87.7172
2023-09-20,209.5648,50.3152,62.8336,87.7433
2023-09-21,206.05,49.4822,62.4421,87.7695
2023-09-22,205.6169,49.6745,62.7001,87.787
2023-09-25,206.4446,49.5006,62.2375,87.8044
2023-09-26,203.4706,48.8049,62.1752,87.8044
2023-09-27,203.6824,48.7866,61.9528,87.8307
2023-09-28,205.0297,49.0887,62.1129,87.8568
2023-09-29,204.4331,48.988,62.0862,87.883
2023-10-02,204.1636,48.3564,61.6597,87.8935
2023-10-03,201.1992,47.7614,61.1601,87.9023
2023-10-04,202.6525,47.734,61.5616,87.9199
2023-10-05,202.5466,48.0635,61.6062,87.9724
2023-10-06,204.9624,48.6585,61.3653,87.9812
2023-10-09,206.2521,48.5578,61.9898,87.99
2023-10-10,207.5321,49.2168,61.9274,87.99
2023-10-11,208.3502,49.4182,62.2129,88.0075
2023-10-12,206.6755,48.9422,61.6776,88.0513
2023-10-13,205.511,48.5944,61.9631,88.0513
2023-10-16,207.8979,48.9605,61.6419,88.0776
2023-10-17,208.1673,48.9239,61.2404,88.0864
2023-10-18,205.0875,48.091,60.9728,88.1039
2023-10-19,203.153,47.7614,60.7051,88.139
2023-10-20,200.641,47.258,60.9281,88.1565
2023-10-23,200.0924,47.2397,61.1601,88.174
2023-10-24,201.6035,47.5784,61.3653,88.1828
2023-10-25,198.6102,47.1299,60.9014,88.1828
2023-10-26,196.5506,46.8644,61.3118,88.2354
2023-10-27,195.4919,46.7363,61.3118,88.2354
2023-10-30,197.744,47.3129,61.1601,88.2529
2023-10-31,199.0241,47.3404,61.1423,88.2705
2023-11-01,201.0164,47.8072,61.7355,88.2854
2023-11-02,205.0105,48.7775,62.0935,88.3207
2023-11-03,207.3204,49.4365,62.4604,88.3295
2023-11-06,207.407,49.3816,62.1919,88.3471
2023-11-07,208.023,49.0795,62.5051,88.3471
2023-11-08,207.9941,48.9331,62.702,88.3647
2023-11-09,206.2232,48.8324,62.2367,88.4087
2023-11-10,209.2934,49.0887,62.353,88.4087
2023-11-13,209.1683,49.1893,62.3351,88.4175
2023-11-14,213.8073,50.4342,63.0957,88.4527
2023-11-15,214.3366,50.5166,62.7467,88.4527
2023-11-16,214.1923,50.2969,63.1226,88.4967
2023-11-17,214.7312,50.8186,63.212,88.5143
2023-11-20,216.3481,51.1115,63.3015,88.5231
2023-11-21,215.761,50.8827,63.391,88.5495
2023-11-22,216.6849,50.9285,63.4447,88.5847
2023-11-24,216.916,51.203,63.1405,88.6112
2023-11-27,216.6369,51.0475,63.5253,88.6112
2023-11-28,216.7716,51.2214,63.7937,88.6199
2023-11-29,216.8678,51.203,64.1248,88.6464
2023-11-30,217.7629,51.2397,63.919,88.6728
2023-12-01,219.6012,51.7065,64.4403,88.7019
2023-12-04,218.812,51.2488,64.1801,88.7108
2023-12-05,218.3885,51.0841,64.5929,88.7285
2023-12-06,217.4646,51.139,64.7813,88.7285
2023-12-07,219.2066,51.3953,64.7634,88.7727
2023-12-08,220.2557,51.3861,64.4493,88.7815
2023-12-11,221.1603,51.4959,64.4583,88.7992
2023-12-12,221.9977,51.5509,64.6468,88.8081
2023-12-13,225.4433,52.3014,65.4723,88.8169
2023-12-14,226.7811,52.8323,65.9659,88.8657
2023-12-15,226.4731,52.3564,65.8672,88.8746
2023-12-18,227.4547,52.4558,65.7326,88.8835
2023-12-19,229.1198,52.9296,65.8582,88.9101
2023-12-20,225.7031,52.2607,66.0736,88.919
2023-12-21,228.1988,53.1805,66.0646,88.9723
2023-12-22,228.7208,53.199,66.0205,88.9812
2023-12-26,229.8516,53.4592,66.0835,88.9901
2023-12-27,230.2866,53.7843,66.5065,88.9989
2023-12-28,230.1706,53.8122,66.3445,89.0523
2023-12-29,229.291,53.8494,66.1915,89.0611
2024-01-02,227.7542,53.2362,65.9125,89.0789
2024-01-03,225.5697,52.9017,65.9665,89.0878
2024-01-04,224.9898,52.9296,65.6695,89.1322
2024-01-05,225.3281,52.9668,65.4715,89.1411
2024-01-08,228.5468,53.4034,65.7595,89.1677
2024-01-09,228.1215,52.8831,65.7505,89.1766
2024-01-10,229.3007,53.1154,65.6335,89.1944
2024-01-11,229.146,53.1433,65.9755,89.2477
2024-01-12,229.1847,53.3291,66.1105,89.2566
2024-01-16,228.1215,52.3629,65.6425,89.2654
2024-01-17,226.7489,51.7868,65.4895,89.2743
2024-01-18,228.7498,52.177,65.3996,89.3099
2024-01-19,231.5335,52.4372,65.3996,89.3365
2024-01-22,232.5387,52.4093,65.5075,89.3454
2024-01-23,232.964,52.4465,65.3545,89.3631
2024-01-24,232.9254,52.8181,65.2196,89.372
2024-01-25,234.2206,52.9575,65.5255,89.4164
2024-01-26,234.0272,53.1247,65.4265,89.4164
2024-01-29,236.1537,53.3756,65.6875,89.4253
2024-01-30,235.8251,53.2083,65.8045,89.452
2024-01-31,231.8524,52.9296,66.0835,89.452
2024-02-01,234.9745,53.422,66.4824,89.5037
2024-02-02,236.985,53.0504,65.8867,89.5126
2024-02-05,235.8637,52.8181,65.3633,89.5305
2024-02-06,236.666,53.3756,65.6701,89.5394
2024-02-07,238.5315,53.3849,65.5438,89.5573
2024-02-08,239.1211,53.2455,65.3723,89.584
2024-02-09,240.5806,53.4685,65.3181,89.6108
2024-02-12,240.8126,53.6264,65.3362,89.6108
2024-02-13,236.956,52.6787,64.7676,89.6286
2024-02-14,239.5754,53.3291,65.0113,89.6465
2024-02-15,241.4216,53.8494,65.1918,89.6911
2024-02-16,240.1553,53.9609,64.9842,89.7
2024-02-20,238.6475,54.1281,65.0654,89.7179
2024-02-21,238.6958,54.1839,64.8849,89.7268
2024-02-22,243.4127,54.7413,64.912,89.7625
2024-02-23,243.577,54.7692,65.1466,89.7892
2024-02-26,242.8424,54.6484,65.0293,89.7982
2024-02-27,243.519,54.7506,64.93,89.816
2024-02-28,243.1131,54.3511,65.0744,89.8249
2024-02-29,244.1376,54.4719,65.1828,89.8517
2024-03-01,246.3801,55.0944,65.4561,89.8786
2024-03-04,246.1384,54.9271,65.3022,89.8875
2024-03-05,243.5287,54.7227,65.6552,89.8965
2024-03-06,244.9689,55.4288,65.7729,89.9144
2024-03-07,247.3564,55.9584,65.8815,89.9592
2024-03-08,245.9258,55.8005,65.9448,89.9681
2024-03-11,245.5295,55.6146,65.9177,89.9861
2024-03-12,247.9556,56.0699,65.7186,89.9951
2024-03-13,247.6463,55.9863,65.6099,90.004
2024-03-14,246.6894,55.6332,65.2208,90.0398
2024-03-15,245.2299,55.5717,65.1845,90.0577
2024-03-18,246.4768,55.581,65.1031,90.0667
2024-03-19,247.8976,55.5996,65.2751,90.0846
2024-03-20,250.4107,56.1965,65.3927,90.0936
2024-03-21,251.4449,56.2058,65.447,90.1294
2024-03-22,250.7378,55.9913,65.6643,90.1473
2024-03-25,250.1753,55.9447,65.5376,90.1653
2024-03-26,249.7291,55.9447,65.5919,90.1742
2024-03-27,251.9309,56.2524,65.8181,90.219
2024-03-28,252.0957,56.2338,65.7367,90.228
2024-04-01,251.9018,56.1312,65.2882,90.255
2024-04-02,249.5738,55.8981,65.2156,90.273
2024-04-03,249.9619,56.1405,65.261,90.282
2024-04-04,246.9646,55.7582,65.3972,90.327
2024-04-05,249.4575,55.9633,65.0704,90.336
2024-04-08,249.7484,56.2431,65.0159,90.354
2024-04-09,250.1073,56.3923,65.2519,90.363
2024-04-10,247.3138,55.5996,64.4894,90.381
2024-04-11,248.9919,55.7955,64.4894,90.417
2024-04-12,245.403,54.8256,64.6346,90.426
2024-04-15,242.3864,54.5738,64.208,90.444
2024-04-16,241.6589,53.9583,64.0445,90.444
2024-04-17,240.2427,53.9956,64.3532,90.471
2024-04-18,239.748,54.005,64.1807,90.498
2024-04-19,237.8663,53.9863,64.2624,90.5249
2024-04-22,240.2039,54.5458,64.2897,90.534
2024-04-23,243.0654,55.0681,64.4076,90.543
2024-04-24,243.1236,54.9935,64.2443,90.552
2024-04-25,241.9693,54.8909,64.0627,90.5969
2024-04-26,244.2196,55.3385,64.208,90.6149
2024-04-29,245.1799,55.6836,64.3986,90.6149
2024-04-30,241.1448,54.9282,64.1535,90.6239
2024-05-01,240.5434,54.8816,64.3848,90.6583
2024-05-02,243.0363,55.8235,64.6397,90.6944
2024-05-03,245.9171,56.3177,64.9675,90.7125
2024-05-06,248.5554,56.6255,65.0312,90.7216
2024-05-07,248.7785,56.5882,65.1587,90.7216
2024-05-08,248.6039,56.5136,65.0039,90.7487
2024-05-09,250.0686,56.8586,65.1769,90.7758
2024-05-10,250.3013,56.9332,64.9948,90.8029
2024-05-13,250.4371,57.0265,65.0495,90.8119
2024-05-14,251.6593,57.3808,65.2407,90.8119
2024-05-15,254.7536,57.959,65.6595,90.83
2024-05-16,254.0648,57.7632,65.5503,90.8752
2024-05-17,254.4237,58.015,65.3863,90.8842
2024-05-20,254.6856,58.015,65.3226,90.8933
2024-05-21,255.2094,57.8471,65.4592,90.9114
2024-05-22,254.3462,57.4088,65.3773,90.9204
2024-05-23,252.1831,57.0265,65.186,90.9837
2024-05-24,254.0066,57.4834,65.2589,90.9927
2024-05-28,254.0066,57.4648,64.9493,91.0017
2024-05-29,251.9212,56.5042,64.7126,91.0017
2024-05-30,250.6893,56.8586,64.9948,91.0198
2024-05-31,252.6196,57.1384,65.2316,91.056
2024-06-03,252.6972,57.3808,65.596,91.0741
2024-06-04,252.6681,57.0078,65.8426,91.0923
2024-06-05,255.7623,57.5207,66.0253,91.1104
2024-06-06,255.5392,57.7072,66.0344,91.1104
2024-06-07,255.0543,57.0545,65.5047,91.1468
2024-06-10,255.9078,57.2037,65.4042,91.1649
2024-06-11,256.3443,56.6907,65.6691,91.183
2024-06-12,258.7595,57.2876,65.9705,91.2012
2024-06-13,258.8759,56.6907,66.2627,91.2103
2024-06-14,258.6819,56.3737,66.3632,91.2557
2024-06-17,260.6509,56.5695,66.1166,91.2647
2024-06-18,261.3106,56.8306,66.3449,91.292
2024-06-20,260.6509,56.7933,66.2171,91.301
2024-06-21,260.2533,56.4587,66.2353,91.3373
2024-06-24,259.8167,56.8723,66.2719,91.3464
2024-06-25,260.6703,56.8723,66.3084,91.3646
2024-06-26,260.6607,56.5339,65.9978,91.3737
2024-06-27,261.2911,56.6373,66.1166,91.3827
2024-06-28,260.3975,56.6843,65.8061,91.4191
2024-07-01,260.9232,56.7501,65.4588,91.4546
2024-07-02,262.432,56.9663,65.6512,91.4637
2024-07-03,263.5125,57.6431,66.0268,91.4911
2024-07-05,264.8849,57.9345,66.3292,91.5276
2024-07-08,265.2451,57.7653,66.3292,91.5458
2024-07-09,265.177,57.6619,66.3017,91.5458
2024-07-10,267.7468,58.3388,66.3567,91.564
2024-07-11,266.5495,58.6114,66.6865,91.5823
2024-07-12,268.3114,59.119,66.8605,91.6278
2024-07-15,269.46,58.6302,66.6498,91.6278
2024-07-16,271.6794,58.9592,66.9063,91.6461
2024-07-17,267.8441,58.508,66.9705,91.6552
2024-07-18,265.5079,57.9439,66.7964,91.6734
2024-07-19,263.8531,57.5585,66.6223,91.7099
2024-07-22,266.6078,58.0849,66.5948,91.7281
2024-07-23,266.4132,57.7371,66.604,91.7373
2024-07-24,260.417,57.0133,66.4116,91.7464
2024-07-25,259.4144,56.7313,66.5582,91.7646
2024-07-26,262.5196,57.4457,66.8239,91.792
2024-07-29,262.539,57.2013,66.9063,91.8193
2024-07-30,261.4488,57.2295,66.9888,91.8193
2024-07-31,265.323,58.1695,67.3553,91.8284
2024-08-01,261.1666,56.8535,67.607,91.8587
2024-08-02,255.91,55.8853,68.3789,91.9044
2024-08-05,248.3954,54.5504,68.3146,91.9136
2024-08-06,250.9165,54.7196,67.8919,91.9319
2024-08-07,248.9989,55.0298,67.7265,91.9319
2024-08-08,254.8296,56.0545,67.6254,91.9594
2024-08-09,255.9296,56.2425,67.8644,91.9869
2024-08-12,255.7641,56.2895,67.9838,92.0052
2024-08-13,260.0179,57.1167,68.2411,92.0235
2024-08-14,260.7577,57.1355,68.3698,92.0418
2024-08-15,265.2743,57.8405,68.0849,92.051
2024-08-16,265.9071,58.2165,68.2319,92.0876
2024-08-19,268.4185,58.8746,68.3146,92.0968
2024-08-20,267.7662,58.5926,68.5168,92.1059
2024-08-21,269.1096,59.072,68.6638,92.1334
2024-08-22,266.8318,58.602,68.3882,92.1334
2024-08-23,270.2095,59.636,68.6914,92.17
2024-08-26,269.5281,59.354,68.6179,92.1883
2024-08-27,269.7715,59.5608,68.6179,92.1975
2024-08-28,268.1264,59.2506,68.572,92.2067
2024-08-29,268.3892,59.401,68.4709,92.2158
2024-08-30,270.9785,59.5702,68.333,92.2616
2024-09-03,265.1478,58.5644,68.6243,92.3021
2024-09-04,264.554,58.4422,68.9285,92.3113
2024-09-05,263.7363,58.5362,69.0944,92.3389
2024-09-06,259.356,57.4551,69.1773,92.3757
2024-09-09,262.1302,58.0473,69.2695,92.3849
2024-09-10,263.1523,57.8123,69.5,92.4033
2024-09-11,265.7708,58.1413,69.4631,92.4033
2024-09-12,267.9804,58.6678,69.3893,92.4125
2024-09-13,269.8493,58.8276,69.5368,92.4677
2024-09-16,270.3847,59.213,69.7212,92.4861
2024-09-17,270.6573,59.025,69.629,92.4861
2024-09-18,269.9759,58.8276,69.417,92.5137
2024-09-19,274.5509,59.9744,69.417,92.532
2024-09-20,273.9766,59.5515,69.4078,92.5689
2024-09-23,274.658,59.863,69.3617,92.5965
2024-09-24,275.3492,60.6938,69.4446,92.6057
2024-09-25,274.4439,60.2312,69.1866,92.6057
2024-09-26,275.6704,61.7134,69.1866,92.6149
2024-09-27,275.3979,61.4396,69.3893,92.6516
2024-09-30,276.4818,61.1186,69.2326,92.6516
2024-10-01,273.9626,60.9581,69.4369,92.6886
2024-10-02,274.0212,61.1753,69.3075,92.6886
2024-10-03,273.4353,60.5333,69.0024,92.6978
2024-10-04,276.0814,60.9959,68.5495,92.7348
2024-10-07,273.5623,60.8732,68.3461,92.744
2024-10-08,275.8666,60.2973,68.4478,92.7533
2024-10-09,277.7902,60.2312,68.2629,92.7717
2024-10-10,277.2141,60.1746,68.2351,92.7903
2024-10-11,279.3622,60.5239,68.2444,92.8272
2024-10-14,281.5396,60.5616,68.1982,92.8272
2024-10-15,279.6063,59.5987,68.4663,92.8456
2024-10-16,281.0318,59.9008,68.5587,92.8641
2024-10-17,280.9733,59.8064,68.2259,92.8641
2024-10-18,282.0767,60.2878,68.2629,92.9011
2024-10-21,281.1881,59.6931,67.8007,92.9196
2024-10-22,280.8658,59.4571,67.8284,92.9288
2024-10-23,278.3272,58.9284,67.662,92.9288
2024-10-24,279.0692,59.0511,67.7729,92.9565
2024-10-25,278.8056,58.8906,67.6343,92.9935
2024-10-28,279.9383,59.2871,67.551,92.9935
2024-10-29,280.3093,59.0794,67.6065,93.0119
2024-10-30,279.616,58.7301,67.5418,93.0119
2024-10-31,274.402,58.3903,67.5326,93.0304
2024-11-01,275.5737,58.4564,67.271,93.0814
2024-11-04,275.0757,58.6357,67.54,93.0907
2024-11-05,278.5713,59.2777,67.7069,93.1092
2024-11-06,286.3631,58.5602,67.1505,93.1092
2024-11-07,288.3647,59.5704,67.6513,93.1278
2024-11-08,289.7122,58.5791,67.7811,93.1742
2024-11-11,290.5226,58.5036,67.6513,93.1649
2024-11-12,289.3802,57.5406,67.2432,93.1742
2024-11-13,289.2435,57.248,67.2154,93.202
2024-11-14,287.1052,57.1819,67.1968,93.202
2024-11-15,283.4631,57.0308,67.2154,93.2484
2024-11-18,284.6153,57.399,67.2803,93.2577
2024-11-19,285.9237,57.4179,67.4009,93.267
2024-11-20,286.0897,57.2763,67.3267,93.2855
2024-11-21,288.0913,57.3046,67.2896,93.2855
2024-11-22,289.5169,57.5029,67.3174,93.3133
2024-11-25,290.9327,57.6917,67.9388,93.3226
2024-11-26,291.9969,57.399,67.8182,93.3412
2024-11-27,291.1671,57.6539,68.0037,93.3597
2024-11-29,292.7879,58.2581,68.254,93.3969
2024-12-02,293.3445,58.3714,68.294,93.4136
2024-12-03,293.3445,58.6169,68.1359,93.4229
2024-12-04,295.3168,58.6263,68.3685,93.4415
2024-12-05,294.4966,58.985,68.3778,93.4509
2024-12-06,295.3168,58.8812,68.5638,93.4974
2024-12-09,293.4323,59.2022,68.3591,93.5067
2024-12-10,292.329,58.5602,68.2847,93.5253
2024-12-11,294.6822,58.919,68.1359,93.5253
2024-12-12,293.0027,58.3903,67.8661,93.5346
2024-12-13,292.8562,58.2487,67.5964,93.5812
2024-12-16,294.0475,58.0504,67.6708,93.5905
2024-12-17,292.5926,57.8427,67.6801,93.5905
2024-12-18,283.5413,56.4644,67.1499,93.6111
2024-12-19,283.1409,56.4644,66.9639,93.6298
2024-12-20,286.3631,56.5364,67.1685,93.6485
2024-12-23,287.9901,56.8629,66.9546,93.6672
2024-12-24,291.0463,57.0453,67.0507,93.6952
2024-12-26,291.2129,57.1605,67.0974,93.7045
2024-12-27,288.0587,57.0357,66.9574,93.7326
2024-12-30,284.8752,56.6516,67.2187,93.7326
2024-12-31,283.8857,56.5844,67.1067,93.7606
2025-01-02,283.347,56.4884,67.1347,93.7793
2025-01-03,287.0693,56.7861,67.0507,93.8074
2025-01-06,288.6758,57.2278,66.9854,93.8074
2025-01-07,285.4531,56.9685,66.7521,93.826
2025-01-08,285.7176,56.8437,66.8267,93.8447
2025-01-10,281.4271,55.9123,66.4814,93.8821
2025-01-13,281.8875,55.701,66.4161,93.9008
2025-01-14,282.5243,56.0083,66.4628,93.9102
2025-01-15,287.706,56.6708,66.9947,93.9195
2025-01-16,287.4906,56.8533,67.1253,93.9195
2025-01-17,290.1452,57.1317,67.144,93.9663
2025-01-21,293.0251,58.1111,67.34,93.9756
2025-01-22,294.4552,57.9863,67.2,93.9943
2025-01-23,296.0029,58.3608,67.0974,94.0036
2025-01-24,295.1409,58.6488,67.228,94.0317
2025-01-27,291.0268,58.3032,67.5826,94.0317
2025-01-28,293.5246,58.3704,67.5453,94.0597
2025-01-29,292.2708,58.38,67.508,94.0597
2025-01-30,294.1026,59.0809,67.6013,94.0784
2025-01-31,292.4961,58.4952,67.508,94.0971
2025-02-03,290.3607,57.9095,67.5688,94.1187
2025-02-04,292.4667,58.6488,67.6624,94.1374
2025-02-05,293.8185,59.0329,68.0089,94.1374
2025-02-06,294.5434,59.2922,67.934,94.1562
2025-02-07,291.9084,58.9081,67.728,94.1843
2025-02-10,293.7793,59.3786,67.7467,94.2031
2025-02-11,293.6226,59.4842,67.6343,94.2031
2025-02-12,292.6528,59.6474,67.288,94.2124
2025-02-13,295.709,60.2908,67.6905,94.2312
2025-02-14,295.6699,60.406,67.9059,94.2688
2025-02-18,296.5025,60.7613,67.6531,94.2875
2025-02-19,296.9237,60.358,67.7467,94.2875
2025-02-20,295.327,60.7229,67.831,94.3063
2025-02-21,289.8709,60.3292,68.1306,94.3438
2025-02-24,288.3918,60.0315,68.2242,94.3531
2025-02-25,286.9616,60.3676,68.6549,94.3625
2025-02-26,287.0595,60.55,68.7579,94.3625
2025-02-27,282.6123,59.7435,68.6736,94.3907
2025-02-28,286.9713,59.5802,68.9638,94.4094
2025-03-03,281.8287,59.7819,69.1225,94.4311
2025-03-04,278.3121,59.8107,68.9253,94.4405
2025-03-05,281.4761,61.3086,68.6812,94.4405
2025-03-06,276.2452,60.8189,68.6248,94.4687
2025-03-07,277.548,61.3374,68.5497,94.497
2025-03-10,269.9859,59.9451,68.869,94.497
2025-03-11,268.0953,59.8971,68.6061,94.5158
2025-03-12,269.4177,60.31,68.4652,94.5158
2025-03-13,265.6366,59.9451,68.6718,94.544
2025-03-14,271.3278,61.0109,68.5028,94.5722
2025-03-17,273.571,61.8079,68.5967,94.5816
2025-03-18,270.6226,61.7311,68.6718,94.591
2025-03-19,273.6984,61.8943,68.8784,94.6099
2025-03-20,273.0421,61.4142,68.9066,94.6099
2025-03-21,273.1498,61.1166,68.8502,94.6381
2025-03-24,278.2043,61.2129,68.5497,94.6569
2025-03-25,278.6746,61.4152,68.6342,94.6663
2025-03-26,275.4126,60.7795,68.484,94.6851
2025-03-27,274.2478,60.9144,68.4558,94.6945
2025-03-28,268.7822,60.2017,68.8502,94.7228
2025-03-31,270.1682,59.8068,68.9723,94.7228
2025-04-01,271.0825,59.9802,69.189,94.7473
2025-04-02,273.2254,60.1343,69.1324,94.7568
2025-04-03,259.4732,58.9304,69.4905,94.7756
2025-04-04,244.2465,55.3286,69.547,94.804
2025-04-07,243.4503,53.8262,68.7085,94.8134
2025-04-08,239.6068,53.4891,68.3128,94.8134
2025-04-09,263.9164,57.3029,68.4729,94.8323
2025-04-10,253.0542,56.2724,67.9265,94.8323
2025-04-11,257.291,57.8133,67.8512,94.8795
2025-04-14,259.66,58.4489,68.2374,94.8889
2025-04-15,259.2078,58.7667,68.407,94.8984
2025-04-16,253.821,58.4585,68.5954,94.9173
2025-04-17,254.3518,59.0556,68.4447,94.955
2025-04-21,248.3063,58.8438,68.0678,94.955
2025-04-22,254.627,59.932,68.1903,94.9645
2025-04-23,258.962,60.2017,68.3316,94.9928
2025-04-24,264.4177,60.9722,68.7179,94.9928
2025-04-25,266.0397,61.0203,68.944,95.0306
2025-04-28,266.4231,61.3767,69.1136,95.0306
2025-04-29,268.0253,61.5693,69.2926,95.04
2025-04-30,268.1826,61.5019,69.2455,95.0683
2025-05-01,269.8537,61.3478,69.0527,95.0825
2025-05-02,274.0609,62.6286,68.7124,95.111
2025-05-05,272.5078,62.8598,68.6179,95.1204
2025-05-06,270.296,62.7538,68.7691,95.1204
2025-05-07,271.4167,62.3879,68.9015,95.1299
2025-05-08,273.5498,62.2242,68.5329,95.1583
2025-05-09,273.2451,62.5709,68.5896,95.1868
2025-05-12,282.387,63.1872,68.3533,95.1868
2025-05-13,284.3039,63.3124,68.3249,95.2057
2025-05-14,284.4906,63.2643,68.0886,95.2152
2025-05-15,285.6505,63.7651,68.4572,95.2152
2025-05-16,287.6068,63.8421,68.5045,95.2531
2025-05-19,287.8329,64.2755,68.4856,95.2625
2025-05-20,286.8892,64.4777,68.3627,95.2815
2025-05-21,281.8955,64.1792,67.9374,95.291
2025-05-22,281.8464,64.0733,68.1264,95.3099
2025-05-23,280.1949,64.2851,68.2304,95.3383
2025-05-27,285.9553,64.9111,68.5518,95.3478
2025-05-28,284.2744,64.3525,68.4005,95.3762
2025-05-29,285.1885,64.6318,68.6463,95.3762
2025-05-30,284.9526,64.4681,68.7786,95.4046
2025-06-02,286.4074,65.1326,68.6269,95.4313
2025-06-03,288.3833,64.8148,68.551,95.4408
2025-06-04,288.3538,65.2386,68.9777,95.4503
2025-06-05,286.7614,65.3253,68.845,95.4598
2025-06-06,290.1035,65.4986,68.4751,95.4883
2025-06-09,290.3395,65.6527,68.5795,95.4978
2025-06-10,291.873,65.8935,68.7122,95.5073
2025-06-11,291.0964,65.9513,68.9303,95.5263
2025-06-12,292.0302,66.3172,69.1863,95.5358
2025-06-13,288.5799,65.4312,68.9398,95.5739
2025-06-16,291.4306,65.8646,68.807,95.5739
2025-06-17,289.0026,65.0556,69.0251,95.5834
2025-06-18,289.1107,65.1326,69.0631,95.6024
2025-06-20,288.4423,64.6137,69.1105,95.6404
2025-06-23,291.2144,65.1084,69.2812,95.6594
2025-06-24,294.6156,66.0978,69.4898,95.6689
2025-06-25,294.2715,65.9232,69.5088,95.6784
2025-06-26,296.8076,66.5731,69.7079,95.688
2025-06-27,298.1543,66.8447,69.5467,95.726
2025-06-30,299.6658,67.0193,69.8217,95.726
2025-07-01,299.6658,67.0387,69.7694,95.7517
2025-07-02,301.2237,67.2522,69.6933,95.7517
2025-07-03,303.7083,67.4074,69.522,95.7994
2025-07-07,301.3124,66.5731,69.2937,95.8185
2025-07-08,301.2927,66.9999,69.2557,95.8376
2025-07-09,303.1858,67.3006,69.5315,95.828
2025-07-10,303.9942,67.3977,69.5411,95.8471
2025-07-11,302.7124,66.932,69.2557,95.8853
2025-07-14,303.4027,66.9999,69.2461,95.8853
2025-07-15,301.8054,66.6701,69.0368,95.8948
2025-07-16,302.9491,66.9611,69.1701,95.9235
2025-07-17,304.9211,67.2036,69.1891,95.933
2025-07-18,304.7534,67.0387,69.3032,95.9616
2025-07-21,305.0985,67.4462,69.503,95.9712
2025-07-22,305.4534,67.7275,69.6172,95.9902
2025-07-23,308.0269,68.94,69.4745,95.9998
2025-07-24,307.9184,68.4744,69.3889,96.0093
2025-07-25,309.2889,68.3677,69.5601,96.0284
2025-07-28,309.2002,67.485,69.4459,96.057
2025-07-29,308.224,67.4462,69.8074,96.057
2025-07-30,307.8691,66.9611,69.6267,96.0761
2025-07-31,306.5282,66.4179,69.6362,96.0856
2025-08-01,301.4504,66.1948,70.2394,96.1163
2025-08-04,306.1732,67.0096,70.2871,96.1354
2025-08-05,304.8224,67.1843,70.3158,96.145
2025-08-06,306.8831,67.6208,70.2585,96.1546
2025-08-07,306.7056,68.1058,70.2299,96.1546
2025-08-08,308.6382,68.3289,70.0772,96.2024
2025-08-11,307.9283,68.1155,70.1249,96.212
2025-08-12,311.6947,68.8721,70.1344,96.212
2025-08-13,313.2032,69.3183,70.3921,96.2312
2025-08-14,312.7398,69.0079,70.1917,96.2407
2025-08-15,312.0299,69.3183,70.0962,96.2694
2025-08-18,312.1482,69.4153,70.0199,96.2982
2025-08-19,310.2551,69.231,70.1535,96.2982
2025-08-20,309.4368,69.3183,70.2012,96.3173
2025-08-21,308.3719,69.0564,70.0294,96.3173
2025-08-22,313.7159,70.1816,70.3826,96.3556
2025-08-25,312.2074,69.5026,70.2871,96.3748
2025-08-26,313.6271,69.4638,70.373,96.3748
2025-08-27,314.4652,69.2601,70.4398,96.3844
2025-08-28,315.609,69.5414,70.5257,96.3939
2025-08-29,313.7356,69.231,70.4398,96.4514
2025-09-02,311.5566,68.746,70.2895,96.461
2025-09-03,312.8778,68.8915,70.5193,96.4706
2025-09-04,315.6484,69.1728,70.7875,96.4898
2025-09-05,315.0667,69.6287,71.1226,96.509
2025-09-08,316.0724,70.298,71.3525,96.5378
2025-09-09,316.4766,70.2108,71.2184,96.5378
2025-09-10,317.2851,70.3368,71.3429,96.5475
2025-09-11,320.2233,71.1323,71.4961,96.5667
2025-09-12,319.7599,70.8995,71.4099,96.5955
2025-09-15,321.3177,71.4524,71.544,96.5955
2025-09-16,320.8839,71.5106,71.5536,96.6147
2025-09-17,320.598,71.4621,71.4291,96.6243
2025-09-18,322.6192,71.5203,71.2471,96.6435
2025-09-19,323.8319,71.2766,71.2758,96.682
2025-09-22,325.232,71.5885,71.1418,96.682
2025-09-23,323.4868,71.491,71.2854,96.7012
2025-09-24,322.3037,71.0719,71.1418,96.7108
2025-09-25,320.5782,70.6625,71.0652,96.7204
2025-09-26,322.5896,70.9159,71.0652,96.7492
2025-09-29,323.4073,71.2961,71.2471,96.7588
2025-09-30,324.4652,71.608,71.2184,96.7588
2025-10-01,325.5923,72.1052,71.398,96.7752
2025-10-02,326.0669,72.2416,71.4749,96.7849
2025-10-03,326.2449,72.7778,71.3884,96.8234
2025-10-06,327.4709,72.9337,71.2251,96.8234
2025-10-07,325.8988,72.3683,71.3596,96.8427
2025-10-08,328.0641,72.651,71.3596,96.8524
2025-10-09,326.9271,72.0174,71.3116,96.862
2025-10-10,318.1671,70.3505,71.5902,96.9102
2025-10-13,323.2392,71.4228,71.7055,96.9006
2025-10-14,323.1403,71.4325,71.8111,96.9102
2025-10-15,324.6728,72.0564,71.7631,96.9295
2025-10-16,322.0923,72.3781,72.0321,96.9391
2025-10-17,323.605,72.3294,71.936,96.9681
2025-10-20,327.2139,73.041,72.0321,96.9777
2025-10-21,327.1743,72.3488,72.1186,96.997
2025-10-22,325.187,72.4073,72.1186,97.0066
2025-10-23,327.2732,72.8265,71.9745,97.0163
2025-10-24,329.9427,73.0604,72.0705,97.0452
2025-10-27,333.6207,73.6161,72.1089,97.0548
2025-10-28,334.1348,73.6063,72.1474,97.0645
2025-10-29,333.8975,73.3821,71.7919,97.0741
2025-10-30,330.3084,72.924,71.667,97.0838
2025-10-31,331.6334,72.7485,71.6478,97.1127
2025-11-03,332.009,72.9532,71.5649,97.1398
2025-11-04,327.9949,71.9882,71.6035,97.1398
2025-11-05,329.3989,72.4756,71.4011,97.1591
2025-11-06,325.6516,72.1929,71.6806,97.1688
2025-11-07,326.3635,72.3294,71.642,97.1978
2025-11-10,331.139,73.2359,71.6228,97.2075
2025-11-11,331.9497,73.6258,71.8252,97.2172
2025-11-12,332.0684,73.9085,71.7963,97.2269
2025-11-13,326.1856,73.0994,71.5842,97.2365
2025-11-14,326.1361,73.041,71.4782,97.2656
2025-11-17,322.7448,72.1344,71.5167,97.2752
2025-11-18,320.5598,71.5008,71.5746,97.2752
2025-11-19,321.6078,71.3156,71.5457,97.2946
2025-11-20,316.4863,70.37,71.6517,97.3139
2025-11-21,320.1445,71.0816,71.8252,97.3333
2025-11-24,324.9299,71.3838,71.9505,97.343
2025-11-25,328.4102,72.0467,72.1143,97.3623
2025-11-26,330.6644,72.729,72.1914,97.372
2025-11-28,332.5133,73.0507,72.0758,97.401
2025-12-01,330.882,72.768,71.7944,97.4233
2025-12-02,331.2774,72.885,71.8621,97.4427
2025-12-03,332.7605,73.1774,71.9684,97.4525
2025-12-04,333.2845,73.3334,71.8331,97.4719
2025-12-05,333.7492,73.4796,71.746,97.501
2025-12-08,332.7704,73.3236,71.6397,97.501
2025-12-09,332.4342,73.2262,71.5913,97.5107
2025-12-10,334.906,74.0157,71.8041,97.5107
2025-12-11,336.0331,74.2107,71.8041,97.5301
2025-12-12,332.1969,73.7038,71.5817,97.5689
2025-12-15,331.5444,73.9573,71.6687,97.5689
2025-12-16,330.5853,73.5576,71.8041,97.5786
2025-12-17,326.9765,73.0702,71.7847,97.598
2025-12-18,329.4879,73.6648,71.937,97.598
2025-12-19,332.4243,74.1244,71.8303,97.6399
2025-12-22,334.7355,74.5414,71.8109,97.6399
2025-12-23,335.846,74.998,71.8012,97.6496
2025-12-24,336.9962,75.0576,71.9759,97.6691
2025-12-26,336.788,75.2958,71.9759,97.6983
2025-12-29,335.5188,75.0576,72.0826,97.7178
2025-12-30,334.9834,75.2065,72.0535,97.7275
2025-12-31,332.4253,74.8888,71.8594,97.7373
2026-01-02,333.4565,75.9808,71.8303,97.7665
2026-01-05,335.965,76.7849,71.9661,97.7762
2026-01-06,338.3149,77.0529,71.9661,97.786
2026-01-07,337.1648,76.6657,72.0438,97.7957
2026-01-08,337.254,76.7154,71.9176,97.8054
2026-01-09,339.4948,77.2613,72.0729,97.8249
2026-01-12,340.1194,77.9761,72.005,97.8444
2026-01-13,339.4353,77.5592,72.0632,97.8541
2026-01-14,338.1067,77.8967,72.2087,97.8639
2026-01-15,339.1478,78.0257,72.102,97.8736
2026-01-16,338.9495,78.0654,71.9855,97.9125
2026-01-20,332.2666,77.1621,71.7236,97.9125
2026-01-21,336.203,78.0257,71.9273,97.9125
2026-01-22,337.9778,78.5022,71.9564,97.932
2026-01-23,337.6704,78.9489,72.034,97.9612
2026-01-26,339.128,79.2765,72.1214,97.971
2026-01-27,340.3574,80.5074,72.0632,97.971
2026-01-28,340.169,80.1501,72.034,97.9904
2026-01-29,339.3857,80.3586,72.0438,98.0002
2026-01-30,337.6804,79.078,72.0146,98.0196
2026-02-02,339.5741,79.5247,71.9416,98.0284
2026-02-03,336.9664,79.7232,71.9611,98.048
2026-02-04,335.38,79.6637,71.9319,98.0577
2026-02-05,331.0669,78.7107,72.2434,98.0577
2026-02-06,338.067,80.4578,72.2531,98.087
2026-02-09,339.7328,81.5498,72.2726,98.1066
2026-02-10,338.8999,81.7483,72.4867,98.1163
2026-02-11,338.5727,82.3836,72.3407,98.1163
2026-02-12,333.159,81.5299,72.6717,98.1359
2026-02-13,333.7936,81.798,72.8858,98.1749
2026-02-17,334.2101,81.6292,72.8761,98.1749
2026-02-18,335.9551,81.9072,72.7982,98.1945
2026-02-19,335.3205,81.7781,72.8274,98.2042
2026-02-20,337.3829,82.7609,72.8177,98.2238
2026-02-23,333.6052,82.3241,72.9734,98.2433
2026-02-24,336.3318,82.8105,72.9345,98.2433
2026-02-25,338.9296,83.5848,72.915,98.2531
2026-02-26,337.601,83.3466,73.0221,98.2726
2026-02-27,335.8956,83.1976,73.1681,98.2921
2026-03-02,336.2426,81.798,72.8732,98.3039
2026-03-03,332.8814,78.9787,72.7951,98.3235
2026-03-04,335.3205,79.753,72.7463,98.3235
2026-03-05,333.1491,78.1448,72.5803,98.3333
2026-03-06,328.5981,77.4102,72.4827,98.3724
2026-03-09,331.4437,78.3732,72.6877,98.3822
2026-03-10,330.6802,78.5419,72.4632,98.3822
2026-03-11,330.4125,78.4625,72.141,98.4018
2026-03-12,325.1377,76.904,71.8774,98.4116
2026-03-13,323.3629,76.1793,71.809,98.441
2026-03-16,326.6646,77.6981,72.0824,98.441
2026-03-17,327.7652,78.0356,72.2289,98.4606
2026-03-18,323.2538,76.6856,71.936,98.4704
2026-03-19,322.6787,76.5863,72.0141,98.4704
2026-03-20,317.622,74.2411,71.438,98.4997
2026-03-23,321.4393,76.0994,71.7114,98.4997
2026-03-24,320.4379,75.4733,71.5259,98.5291
2026-03-25,322.3912,76.5963,71.7993,98.5291
2026-03-26,316.8387,74.7281,71.3795,98.5389
2026-03-27,311.4061,74.2213,71.3795,98.5683
2026-03-30,310.0036,74.1616,71.7407,98.5781
2026-03-31,319.0846,76.6261,71.8969,98.5781
2026-04-01,321.5015,77.5204,71.9263,98.6007
2026-04-02,322.0187,76.9937,72.083,98.64
2026-04-06,323.4609,77.4807,71.9753,98.6498
2026-04-07,323.6797,77.5303,72.083,98.6596
2026-04-08,331.9052,80.7202,72.2202,98.6596
2026-04-09,333.6458,80.5612,72.2496,98.6694
2026-04-10,333.248,80.7599,72.1418,98.7087
2026-04-13,336.8485,81.3761,72.2986,98.7185
2026-04-14,340.8071,82.2903,72.4749,98.7185
2026-04-15,343.3831,82.1313,72.3769,98.7382
2026-04-16,344.1689,82.1114,72.2692,98.7382
2026-04-17,348.6447,83.2244,72.5533,98.7676
2026-04-20,348.3264,82.9561,72.5043,98.7775
2026-04-21,345.9691,81.3661,72.279,98.7971
2026-04-22,349.331,82.0717,72.3574,98.8069
2026-04-23,347.9186,81.2071,72.23,98.8168
2026-04-24,350.1565,81.9723,72.3574,98.8462
2026-04-27,350.6339,81.8232,72.2398,98.8462
2026-04-28,348.7442,81.3761,72.2202,98.8659
2026-04-29,348.3264,80.7202,71.8969,98.8757
2026-04-30,352.2751,82.5387,72.0047,98.8757
2026-05-01,353.3791,82.4493,72.1049,98.9131
2026-05-04,352.0762,81.7338,71.8592,98.923
2026-05-05,355.07,82.8865,71.987,98.9328
2026-05-06,359.9138,85.0827,72.2917,98.9427
2026-05-07,358.2627,83.7213,72.1049,98.9525
2026-05-08,360.9183,84.8939,72.2917,98.9821
2026-05-11,361.6743,84.8541,72.1148,98.9919
2026-05-12,360.8388,83.7014,71.8985,99.0018
2026-05-13,362.7484,84.5461,71.928,99.0116
2026-05-14,365.424,84.4864,71.9084,99.0215
2026-05-15,360.789,82.5884,71.4955,99.051
2026-05-18,360.4111,83.0058,71.4464,99.0609
2026-05-19,358.1234,82.2804,71.2105,99.0707
2026-05-20,362.2313,83.6418,71.6036,99.0806
2026-05-21,363.1264,84.0492,71.6823,99.0806
2026-05-22,364.8173,83.9299,71.7511,99.1298
2026-05-26,367.4729,85.5696,71.9575,99.1397
2026-05-27,367.3734,85.3112,72.0263,99.1495
2026-05-28,369.661,85.4503,72.1639,99.1495
2026-05-29,370.5363,85.5199,72.2032,99.1693
2026-06-01,371.3917,85.7683,72.1707,99.1979
2026-06-02,372.3465,86.4142,72.1904,99.1979
2026-06-03,369.6511,85.5596,72.0523,99.2078
2026-06-04,371.3718,85.7087,72.151,99.2177
2026-06-05,361.4256,82.5089,71.8255,99.2473
2026-06-08,362.5097,83.2144,71.8058,99.2572
2026-06-09,361.714,83.294,71.9636,99.2671
2026-06-10,356.1143,82.0717,71.9044,99.2769
2026-06-11,362.3406,84.8044,72.3186,99.2868
2026-06-12,364.3896,85.1423,72.2298,99.3066
2026-06-15,370.5264,86.4341,72.289,99.3263
2026-06-16,368.378,86.0863,72.3975,99.3362
2026-06-17,363.7928,85.6093,72.1312,99.3461
2026-06-18,368.0,86.6135,72.3285,99.3856
2026-06-22,366.8264,86.903,72.1312,99.3955
2026-06-23,361.7439,84.2578,72.2101,99.4054
2026-06-24,361.6941,84.1879,72.5356,99.4153
2026-06-25,362.0224,84.9266,72.5849,99.4251
2026-06-26,361.3082,84.3276,72.6539,99.4449
2026-06-29,366.1958,84.7768,72.6934,99.4647
2026-06-30,369.1085,85.3358,72.3975,99.4647
2026-07-01,368.3404,84.3776,72.2926,99.4904
2026-07-02,367.8317,84.687,72.3421,99.5301
2026-07-06,370.7344,86.0146,72.3718,99.5301
2026-07-07,368.6796,84.4973,72.0848,99.5499
2026-07-08,367.323,84.2877,71.9364,99.5598
2026-07-09,370.515,84.7469,72.065,99.5697
2026-07-10,371.7518,85.1861,72.0057,99.5895
2026-07-13,368.8491,83.6289,71.7385,99.6093
2026-07-14,370.2257,84.5073,71.9364,99.6093
2026-07-15,371.4825,84.8367,72.0551,99.6292
2026-07-16,369.6471,83.9084,72.0452,99.6391
2026-07-17,366.0861,83.2197,72.0947,99.6688
2026-07-20,365.328,82.9202,71.9166,99.6787
2026-07-21,368.52,84.2977,71.7583,99.6886
2026-07-22,367.9414,84.3077,71.6395,99.6886
2026-07-23,363.7719,83.4692,71.4911,99.6985
2026-07-24,363.8817,83.2496,71.5505,99.7282
2026-07-27,364.2607,83.6389,71.6989,99.7382
2026-07-28,365.0687,83.0999,71.877,99.7481
2026-07-29,359.5127,82.2414,71.6198,99.7679
2026-07-30,365.348,84.6171,71.6593,99.7778
2026-07-31,367.2831,84.4374,71.4713,99.7976
2026-08-03,372.8989,84.8667,71.6421,99.8145
2026-08-04,379.8614,86.2941,71.9301,99.8245
2026-08-05,378.6943,86.354,71.9499,99.8443
2026-08-06,378.1158,86.1643,71.7414,99.8543
2026-08-07,380.8189,87.0527,71.8904,99.8742
2026-08-10,380.6693,86.6734,71.6421,99.894
2026-08-11,379.6918,86.7632,71.7017,99.904
2026-08-12,380.8688,87.3821,71.7712,99.9139
2026-08-13,383.3326,87.5618,71.9698,99.9239
2026-08-14,382.8837,87.5418,71.801,99.9537
2026-08-17,381.1681,87.7115,71.6521,99.9537
2026-08-18,378.0858,86.2841,71.7116,99.9636
2026-08-19,379.0334,86.8132,72.0492,99.9835
2026-08-20,375.632,86.873,71.8308,99.9835
2026-08-21,377.2878,87.5518,71.7216,100.0232
2026-08-24,376.1208,87.0427,71.8606,100.0332
2026-08-25,377.1981,87.9611,72.1585,100.0332
2026-08-26,377.2779,87.6616,72.0691,100.0431
2026-08-27,379.6718,87.7714,72.0294,100.0531
2026-08-28,378.405,87.3622,71.801,100.0829
2026-08-31,377.1981,87.1625,71.7315,100.0829
2026-09-01,374.2256,86.5536,71.5352,100.1098
2026-09-02,375.9313,87.0028,71.575,100.1198
2026-09-03,379.9711,87.8113,71.6747,100.1298
2026-09-04,378.7741,88.2506,71.6946,100.1696
2026-09-08,376.6494,87.9212,71.6348,100.1796
2026-09-09,374.6146,87.2524,71.4754,100.1896
2026-09-10,372.3004,86.1244,71.017,100.1995
2026-09-11,375.3627,86.9828,70.9672,100.2195
2026-09-14,373.7368,85.8848,70.9174,100.2294
2026-09-15,371.9014,85.5355,70.8975,100.2294
2026-09-16,370.3254,85.256,70.8576,100.2494
2026-09-17,374.3951,86.344,71.2163,100.2594
2026-09-18,374.4849,85.88,70.9473,100.2893
2026-09-21,380.1407,87.15,71.1466,100.2992
2026-09-22,380.3102,87.49,71.1565,100.3092
2026-09-23,377.2779,85.92,70.5587,100.3192
2026-09-24,377.1282,85.59,70.1999,100.3192
2026-09-25,378.814,86.35,70.3793,100.3591
2026-09-28,375.84,85.75,70.0305,100.369
2026-09-29,375.26,85.52,69.9807,100.379
2026-09-30,374.24,84.96,69.901,100.379
2026-10-01,375.18,84.46,70.09,100.41
2026-10-02,377.99,85.43,69.94,100.44
2026-10-05,380.6,85.85,69.88,100.45
2026-10-06,382.54,85.8,70.02,100.46
2026-10-07,381.03,84.79,70.0,100.47
2026-10-08,379.56,84.1,70.22,100.47
2026-10-09,381.94,84.82,70.22,100.51
